-- MySQL Administrator dump 1.4
--
-- ------------------------------------------------------
-- Server version	4.1.11-nt


/*!40101 SET @OLD_CHARACTER_SET_CLIENT=@@CHARACTER_SET_CLIENT */;
/*!40101 SET @OLD_CHARACTER_SET_RESULTS=@@CHARACTER_SET_RESULTS */;
/*!40101 SET @OLD_COLLATION_CONNECTION=@@COLLATION_CONNECTION */;
/*!40101 SET NAMES utf8 */;

/*!40014 SET @OLD_UNIQUE_CHECKS=@@UNIQUE_CHECKS, UNIQUE_CHECKS=0 */;
/*!40014 SET @OLD_FOREIGN_KEY_CHECKS=@@FOREIGN_KEY_CHECKS, FOREIGN_KEY_CHECKS=0 */;
/*!40101 SET @OLD_SQL_MODE=@@SQL_MODE, SQL_MODE='NO_AUTO_VALUE_ON_ZERO' */;


--
-- Create schema `missoncontrol`
--

CREATE DATABASE /*!32312 IF NOT EXISTS*/ `missoncontrol`;
USE `missoncontrol`;

--
-- Table structure for table `missoncontrol`.`bu_country`
--

DROP TABLE IF EXISTS `bu_country`;
CREATE TABLE `bu_country` (
  `pkey` bigint(20) NOT NULL default '0',
  `businessunit_key` bigint(20) NOT NULL default '0',
  `country_key` varchar(40) NOT NULL default '',
  PRIMARY KEY  (`pkey`),
  UNIQUE KEY `UK3_BU_COUNTRY_BU_COUNTRYUKEY` (`country_key`,`businessunit_key`),
  KEY `FK2_BU_COUNTRY_BUSINESSUNIT_FK` (`businessunit_key`),
  CONSTRAINT `FK2_BU_COUNTRY_BUSINESSUNIT_FK` FOREIGN KEY (`businessunit_key`) REFERENCES `businessunit` (`pkey`),
  CONSTRAINT `FK3_BU_COUNTRY_COUNTRY_FKEY` FOREIGN KEY (`country_key`) REFERENCES `country` (`isocode`)
) ENGINE=InnoDB DEFAULT CHARSET=latin1;

--
-- Dumping data for table `missoncontrol`.`bu_country`
--

/*!40000 ALTER TABLE `bu_country` DISABLE KEYS */;
INSERT INTO `bu_country` (`pkey`,`businessunit_key`,`country_key`) VALUES 
 (1,3,'DE'),
 (3,4,'DE'),
 (2,3,'GB (UK)');
/*!40000 ALTER TABLE `bu_country` ENABLE KEYS */;


--
-- Table structure for table `missoncontrol`.`businessunit`
--

DROP TABLE IF EXISTS `businessunit`;
CREATE TABLE `businessunit` (
  `pkey` bigint(20) NOT NULL default '0',
  `name` varchar(40) default NULL,
  `company_key` bigint(20) default NULL,
  PRIMARY KEY  (`pkey`),
  KEY `FK2_BUSINESSUNIT_COMPANY_FKEY` (`company_key`),
  CONSTRAINT `FK2_BUSINESSUNIT_COMPANY_FKEY` FOREIGN KEY (`company_key`) REFERENCES `organization` (`pkey`)
) ENGINE=InnoDB DEFAULT CHARSET=latin1;

--
-- Dumping data for table `missoncontrol`.`businessunit`
--

/*!40000 ALTER TABLE `businessunit` DISABLE KEYS */;
INSERT INTO `businessunit` (`pkey`,`name`,`company_key`) VALUES 
 (3,'Mercedes Car Group',1),
 (4,'Chrysler Group',1);
/*!40000 ALTER TABLE `businessunit` ENABLE KEYS */;


--
-- Table structure for table `missoncontrol`.`call`
--

DROP TABLE IF EXISTS `call`;
CREATE TABLE `call` (
  `pkey` bigint(20) NOT NULL default '0',
  `problem` varchar(40) NOT NULL default '',
  `history` longtext,
  `problemtext` longtext,
  `workgroup_key` bigint(20) default NULL,
  `owner_key` bigint(20) default NULL,
  `firstlevel_key` bigint(20) default NULL,
  `customer_key` bigint(20) default NULL,
  `caller_key` bigint(20) default NULL,
  `agent_key` bigint(20) default NULL,
  `status` varchar(11) default 'New',
  `productionline_key` bigint(20) default NULL,
  `productionarea_key` bigint(20) default NULL,
  `plant_key` bigint(20) default NULL,
  `site_key` bigint(20) default NULL,
  `bu_country_key` bigint(20) default NULL,
  `productioncell_key` bigint(20) default NULL,
  `businessunit_key` bigint(20) default NULL,
  `productionstation_key` bigint(20) default NULL,
  `company_key` bigint(20) default NULL,
  `dateclosed` datetime default NULL,
  `datereported` datetime default NULL,
  PRIMARY KEY  (`pkey`),
  KEY `FK6_CALL_CALLER_FKEY` (`caller_key`),
  KEY `FK1_CALL_CUSTOMER_FKEY` (`customer_key`),
  KEY `FK12_CALL_FIRSTLEVEL_FKEY` (`firstlevel_key`),
  KEY `FK2_CALL_AGENT_FKEY` (`agent_key`),
  KEY `FK5_CALL_WORKGROUP_FKEY` (`workgroup_key`),
  KEY `FK4_CALL_OWNER_FKEY` (`owner_key`),
  KEY `FK7_CALL_PLANT_FKEY` (`plant_key`),
  KEY `FK10_CALL_PRODUCTIONAREA_FKEY` (`productionarea_key`),
  KEY `FK11_CALL_PRODUCTIONLINE_FKEY` (`productionline_key`),
  KEY `FK4_CALL_SITE_FKEY` (`site_key`),
  KEY `FK14_CALL_PRODUCTIONSTATION_FK` (`productionstation_key`),
  KEY `FK5_CALL_COMPANY_FKEY` (`company_key`),
  KEY `FK6_CALL_BUSINESSUNIT_FKEY` (`businessunit_key`),
  KEY `FK11_CALL_BU_COUNTRY_FKEY` (`bu_country_key`),
  KEY `FK3_CALL_PRODUCTIONCELL_FKEY` (`productioncell_key`),
  CONSTRAINT `FK10_CALL_PRODUCTIONAREA_FKEY` FOREIGN KEY (`productionarea_key`) REFERENCES `productionarea` (`pkey`),
  CONSTRAINT `FK11_CALL_BU_COUNTRY_FKEY` FOREIGN KEY (`bu_country_key`) REFERENCES `bu_country` (`pkey`),
  CONSTRAINT `FK11_CALL_PRODUCTIONLINE_FKEY` FOREIGN KEY (`productionline_key`) REFERENCES `productionline` (`pkey`),
  CONSTRAINT `FK12_CALL_FIRSTLEVEL_FKEY` FOREIGN KEY (`firstlevel_key`) REFERENCES `person` (`pkey`),
  CONSTRAINT `FK14_CALL_PRODUCTIONSTATION_FK` FOREIGN KEY (`productionstation_key`) REFERENCES `productionstation` (`pkey`),
  CONSTRAINT `FK1_CALL_CUSTOMER_FKEY` FOREIGN KEY (`customer_key`) REFERENCES `person` (`pkey`),
  CONSTRAINT `FK2_CALL_AGENT_FKEY` FOREIGN KEY (`agent_key`) REFERENCES `person` (`pkey`),
  CONSTRAINT `FK3_CALL_PRODUCTIONCELL_FKEY` FOREIGN KEY (`productioncell_key`) REFERENCES `productioncell` (`pkey`),
  CONSTRAINT `FK4_CALL_OWNER_FKEY` FOREIGN KEY (`owner_key`) REFERENCES `person` (`pkey`),
  CONSTRAINT `FK4_CALL_SITE_FKEY` FOREIGN KEY (`site_key`) REFERENCES `productionsite` (`pkey`),
  CONSTRAINT `FK5_CALL_COMPANY_FKEY` FOREIGN KEY (`company_key`) REFERENCES `organization` (`pkey`),
  CONSTRAINT `FK5_CALL_WORKGROUP_FKEY` FOREIGN KEY (`workgroup_key`) REFERENCES `group` (`pkey`),
  CONSTRAINT `FK6_CALL_BUSINESSUNIT_FKEY` FOREIGN KEY (`businessunit_key`) REFERENCES `businessunit` (`pkey`),
  CONSTRAINT `FK6_CALL_CALLER_FKEY` FOREIGN KEY (`caller_key`) REFERENCES `person` (`pkey`),
  CONSTRAINT `FK7_CALL_PLANT_FKEY` FOREIGN KEY (`plant_key`) REFERENCES `productionplant` (`pkey`)
) ENGINE=InnoDB DEFAULT CHARSET=latin1;

--
-- Dumping data for table `missoncontrol`.`call`
--

/*!40000 ALTER TABLE `call` DISABLE KEYS */;
INSERT INTO `call` (`pkey`,`problem`,`history`,`problemtext`,`workgroup_key`,`owner_key`,`firstlevel_key`,`customer_key`,`caller_key`,`agent_key`,`status`,`productionline_key`,`productionarea_key`,`plant_key`,`site_key`,`bu_country_key`,`productioncell_key`,`businessunit_key`,`productionstation_key`,`company_key`,`dateclosed`,`datereported`) VALUES 
 (3,'test','\n###### guest: 30.06.2005 09:31:59 Uhr CEST\n  %PROBLEM:                                           test\n','test\r\n#,m<sy,,dsa\r\nlkdsafjlkdsa',NULL,3,NULL,3,1,2,'New',1,NULL,NULL,NULL,NULL,NULL,NULL,NULL,NULL,NULL,NULL),
 (4,'test2','\n###### guest: 30.06.2005 12:11:28 Uhr CEST\n  %PROBLEM:                                           test2\n','test\r\n#,m<sy,,dsa\r\nlkdsafjlkdsa',NULL,3,NULL,3,1,2,'New',1,NULL,NULL,NULL,NULL,NULL,NULL,NULL,NULL,NULL,NULL),
 (5,'Problemkurz','\n###### guest: 30.06.2005 12:34:37 Uhr CEST\n  %PROBLEM:                                           Problemkurz\n','Langtest\r\nlkasdlksa\r\naölsdköksad\r\nölsakdölsa',NULL,3,2,2,1,2,'New',1,2,NULL,NULL,NULL,NULL,NULL,NULL,NULL,NULL,NULL),
 (6,'Test','\n###### guest: 28.07.2005 14:59:10 Uhr CEST\n  Problem:                                            Test\n','Test',NULL,3,2,1,1,2,'New',1,3,1,1,1,2,3,1,1,NULL,NULL);
/*!40000 ALTER TABLE `call` ENABLE KEYS */;


--
-- Table structure for table `missoncontrol`.`callevent`
--

DROP TABLE IF EXISTS `callevent`;
CREATE TABLE `callevent` (
  `pkey` bigint(20) NOT NULL default '0',
  `description` varchar(40) NOT NULL default '',
  `history` longtext,
  `datecreated` datetime NOT NULL default '0000-00-00 00:00:00',
  `call_key` bigint(20) default NULL,
  PRIMARY KEY  (`pkey`),
  KEY `FK2_CALLEVENT_CALL_FKEY` (`call_key`),
  CONSTRAINT `FK2_CALLEVENT_CALL_FKEY` FOREIGN KEY (`call_key`) REFERENCES `call` (`pkey`)
) ENGINE=InnoDB DEFAULT CHARSET=latin1;

--
-- Dumping data for table `missoncontrol`.`callevent`
--

/*!40000 ALTER TABLE `callevent` DISABLE KEYS */;
/*!40000 ALTER TABLE `callevent` ENABLE KEYS */;


--
-- Table structure for table `missoncontrol`.`country`
--

DROP TABLE IF EXISTS `country`;
CREATE TABLE `country` (
  `country` varchar(40) default NULL,
  `isocode` varchar(40) NOT NULL default '',
  PRIMARY KEY  (`isocode`)
) ENGINE=InnoDB DEFAULT CHARSET=latin1;

--
-- Dumping data for table `missoncontrol`.`country`
--

/*!40000 ALTER TABLE `country` DISABLE KEYS */;
INSERT INTO `country` (`country`,`isocode`) VALUES 
 ('Andorra','AD'),
 ('United Arab Emirates','AE'),
 ('Afghanistan','AF'),
 ('Antigua And Barbuda','AG'),
 ('Anguilla','AI'),
 ('Albania','AL'),
 ('Armenia','AM'),
 ('Netherlands Antilles','AN'),
 ('Angola','AO'),
 ('Antarctica','AQ'),
 ('Argentina','AR'),
 ('American Samoa','AS'),
 ('Austria','AT'),
 ('Australia','AU'),
 ('Aruba','AW'),
 ('Azerbaijan','AZ'),
 ('Bosnia and Herzegovina','BA'),
 ('Barbados','BB'),
 ('Bangladesh','BD'),
 ('Belgium','BE'),
 ('Burkina Faso','BF'),
 ('Bulgaria','BG'),
 ('Bahrain','BH'),
 ('Burundi','BI'),
 ('Benin','BJ'),
 ('Bermuda','BM'),
 ('Brunei Darussalam','BN'),
 ('Bolivia','BO'),
 ('Brazil','BR'),
 ('Bahamas','BS'),
 ('Bhutan','BT'),
 ('Bouvet Island','BV'),
 ('Botswana','BW'),
 ('Belarus','BY'),
 ('Belize','BZ'),
 ('Canada','CA'),
 ('Cocos (Keeling) Islands','CC'),
 ('Central African Republic','CF'),
 ('Congo','CG'),
 ('Switzerland','CH'),
 ('Cote d\'Ivoire','CI'),
 ('Cook Islands','CK'),
 ('Chile','CL'),
 ('Cameroon','CM');
INSERT INTO `country` (`country`,`isocode`) VALUES 
 ('China','CN'),
 ('Colombia','CO'),
 ('Costa Rica','CR'),
 ('Cuba','CU'),
 ('Cape Verde','CV'),
 ('Christmas Island','CX'),
 ('Cyprus','CY'),
 ('Czech Republic','CZ'),
 ('Germany','DE'),
 ('Djibouti','DJ'),
 ('Denmark','DK'),
 ('Dominica','DM'),
 ('Dominican Republic','DO'),
 ('Algeria','DZ'),
 ('Ecuador','EC'),
 ('Estonia','EE'),
 ('Egypt','EG'),
 ('Western Sahara','EH'),
 ('Eritrea','ER'),
 ('Spain','ES'),
 ('Ethiopia','ET'),
 ('Europe (SSGFI only)','EU'),
 ('Finland','FI'),
 ('Fiji','FJ'),
 ('Falkland Islands (Malvinas)','FK'),
 ('Micronesia, Federated States Of','FM'),
 ('Faeroe Islands','FO'),
 ('France','FR'),
 ('France, Metropolitan','FX'),
 ('Gabon','GA'),
 ('United Kingdom','GB (UK)'),
 ('Grenada','GD'),
 ('Georgia','GE'),
 ('French Guiana','GF'),
 ('Ghana','GH'),
 ('Gibraltar','GI'),
 ('Greenland','GL'),
 ('Gambia','GM'),
 ('Guinea','GN'),
 ('Guadeloupe','GP'),
 ('Equatorial Guinea','GQ'),
 ('Greece','GR'),
 ('South Georgia And The South Sandwich Isl','GS'),
 ('Guatemala','GT');
INSERT INTO `country` (`country`,`isocode`) VALUES 
 ('Guam','GU'),
 ('Guinea-Bissau','GW'),
 ('Guyana','GY'),
 ('Hong Kong','HK'),
 ('Heard And Mc Donald Islands','HM'),
 ('Honduras','HN'),
 ('Croatia (local name: Hrvatska)','HR'),
 ('Haiti','HT'),
 ('Hungary','HU'),
 ('Indonesia','ID'),
 ('Ireland','IE'),
 ('International (SSGFI only)','II'),
 ('Israel','IL'),
 ('India','IN'),
 ('British Indian Ocean Territory','IO'),
 ('Iraq','IQ'),
 ('Iran (Islamic Republic Of)','IR'),
 ('Iceland','IS'),
 ('Italy','IT'),
 ('Jamaica','JM'),
 ('Jordan','JO'),
 ('Japan','JP'),
 ('Kenya','KE'),
 ('Kyrgyzstan','KG'),
 ('Cambodia','KH'),
 ('Kiribati','KI'),
 ('Comoros','KM'),
 ('Saint Kitts And Nevis','KN'),
 ('Korea, Democratic People\'s Republic Of','KP'),
 ('Korea, Republic Of','KR'),
 ('Kuwait','KW'),
 ('Cayman Islands','KY'),
 ('Kazakhstan','KZ'),
 ('Lao People\'s Democratic Republic','LA'),
 ('Lebanon','LB'),
 ('Saint Lucia','LC'),
 ('Liechtenstein','LI'),
 ('Sri Lanka','LK'),
 ('Liberia','LR'),
 ('Lesotho','LS'),
 ('Lithuania','LT');
INSERT INTO `country` (`country`,`isocode`) VALUES 
 ('Luxembourg','LU'),
 ('Latvia','LV'),
 ('Libyan Arab Jamahiriya','LY'),
 ('Morocco','MA'),
 ('Monaco','MC'),
 ('Moldova, Republic Of','MD'),
 ('Madagascar','MG'),
 ('Marshall Islands','MH'),
 ('Macedonia, The Former Yugoslav Republic','MK'),
 ('Mali','ML'),
 ('Myanmar','MM'),
 ('Mongolia','MN'),
 ('Macau','MO'),
 ('Northern Mariana Islands','MP'),
 ('Martinique','MQ'),
 ('Mauritania','MR'),
 ('Montserrat','MS'),
 ('Malta','MT'),
 ('Mauritius','MU'),
 ('Maldives','MV'),
 ('Malawi','MW'),
 ('Mexico','MX'),
 ('Malaysia','MY'),
 ('Mozambique','MZ'),
 ('Namibia','NA'),
 ('New Caledonia','NC'),
 ('Niger','NE'),
 ('Norfolk Island','NF'),
 ('Nigeria','NG'),
 ('Nicaragua','NI'),
 ('Netherlands','NL'),
 ('Norway','NO'),
 ('Nepal','NP'),
 ('Nauru','NR'),
 ('Niue','NU'),
 ('New Zealand','NZ'),
 ('Oman','OM'),
 ('Panama','PA'),
 ('Peru','PE'),
 ('French Polynesia','PF'),
 ('Papua New Guinea','PG'),
 ('Philippines','PH'),
 ('Pakistan','PK'),
 ('Poland','PL'),
 ('St. Pierre And Miquelon','PM');
INSERT INTO `country` (`country`,`isocode`) VALUES 
 ('Pitcairn','PN'),
 ('Puerto Rico','PR'),
 ('Portugal','PT'),
 ('Palau','PW'),
 ('Paraguay','PY'),
 ('Qatar','QA'),
 ('Reunion','RE'),
 ('Romania','RO'),
 ('Russian Federation','RU'),
 ('Rwanda','RW'),
 ('Saudi Arabia','SA'),
 ('Solomon Islands','SB'),
 ('Seychelles','SC'),
 ('Sudan','SD'),
 ('Sweden','SE'),
 ('Singapore','SG'),
 ('St. Helena','SH'),
 ('Slovenia','SI'),
 ('Svalbard And Jan Mayen Islands','SJ'),
 ('Slovakia (Slovak Republic)','SK'),
 ('Sierra Leone','SL'),
 ('San Marino','SM'),
 ('Senegal','SN'),
 ('Somalia','SO'),
 ('Suriname','SR'),
 ('Sao Tome And Principe','ST'),
 ('El Salvador','SV'),
 ('Syrian Arab Republic','SY'),
 ('Swaziland','SZ'),
 ('Turks And Caicos Islands','TC'),
 ('Chad','TD'),
 ('French Southern Territories','TF'),
 ('Togo','TG'),
 ('Thailand','TH'),
 ('Tajikistan','TJ'),
 ('Tokelau','TK'),
 ('Turkmenistan','TM'),
 ('Tunisia','TN'),
 ('Tonga','TO'),
 ('East Timor','TP'),
 ('Turkey','TR'),
 ('Trinidad And Tobago','TT'),
 ('Tuvalu','TV');
INSERT INTO `country` (`country`,`isocode`) VALUES 
 ('Taiwan, Province Of China','TW'),
 ('Tanzania, United Republic Of','TZ'),
 ('Ukraine','UA'),
 ('Uganda','UG'),
 ('United States Minor Outlying Islands','UM'),
 ('United States','US'),
 ('Uruguay','UY'),
 ('Uzbekistan','UZ'),
 ('Vatican City State (Holy See)','VA'),
 ('Saint Vincent And The Grenadines','VC'),
 ('Venezuela','VE'),
 ('Virgin Islands (British)','VG'),
 ('Virgin Islands (U.S.)','VI'),
 ('Viet Nam','VN'),
 ('Vanuatu','VU'),
 ('Wallis And Futuna Islands','WF'),
 ('Samoa','WS'),
 ('Yemen','YE'),
 ('Mayotte','YT'),
 ('Yugoslavia','YU'),
 ('South Africa','ZA'),
 ('Zambia','ZM'),
 ('Zaire','ZR'),
 ('Zimbabwe','ZW');
/*!40000 ALTER TABLE `country` ENABLE KEYS */;


--
-- Table structure for table `missoncontrol`.`documents`
--

DROP TABLE IF EXISTS `documents`;
CREATE TABLE `documents` (
  `pkey` bigint(20) NOT NULL default '0',
  `description` varchar(40) default NULL,
  `data` varchar(36) default NULL,
  `call_key` bigint(20) default NULL,
  PRIMARY KEY  (`pkey`),
  KEY `FK2_DOCUMENTS_CALL_FKEY` (`call_key`),
  CONSTRAINT `FK2_DOCUMENTS_CALL_FKEY` FOREIGN KEY (`call_key`) REFERENCES `call` (`pkey`)
) ENGINE=InnoDB DEFAULT CHARSET=latin1;

--
-- Dumping data for table `missoncontrol`.`documents`
--

/*!40000 ALTER TABLE `documents` DISABLE KEYS */;
INSERT INTO `documents` (`pkey`,`description`,`data`,`call_key`) VALUES 
 (1,'Erstes Dokument','adacfab0-e93a-11d9-a3b9-e6f57f000001',3),
 (2,'Erstes Dokument','c1b9e220-e93a-11d9-a3b9-e6f57f000001',3),
 (3,NULL,'62b5f380-e94f-11d9-a3b9-e6f57f000001',4),
 (4,'Testanlage','9ae50270-e952-11d9-a3b9-e6f57f000001',5),
 (5,'Testanlage','b49f2920-e952-11d9-a3b9-e6f57f000001',5);
/*!40000 ALTER TABLE `documents` ENABLE KEYS */;


--
-- Table structure for table `missoncontrol`.`faplisaxis`
--

DROP TABLE IF EXISTS `faplisaxis`;
CREATE TABLE `faplisaxis` (
  `pkey` varchar(32) NOT NULL default '',
  `name` varchar(40) NOT NULL default '',
  `faplisstatus` varchar(8) NOT NULL default 'gültig',
  `buildingpart_key` varchar(32) NOT NULL default '',
  `sequence` int(11) default '1',
  `axistype` char(1) default NULL,
  `shortname` varchar(25) default NULL,
  PRIMARY KEY  (`pkey`),
  KEY `FK2_FAPLISAXIS_FABLISBUILDINGP` (`buildingpart_key`),
  CONSTRAINT `FK2_FAPLISAXIS_FABLISBUILDINGP` FOREIGN KEY (`buildingpart_key`) REFERENCES `faplisbuildingpart` (`pkey`)
) ENGINE=InnoDB DEFAULT CHARSET=latin1;

--
-- Dumping data for table `missoncontrol`.`faplisaxis`
--

/*!40000 ALTER TABLE `faplisaxis` DISABLE KEYS */;
INSERT INTO `faplisaxis` (`pkey`,`name`,`faplisstatus`,`buildingpart_key`,`sequence`,`axistype`,`shortname`) VALUES 
 ('sadc','sd','gültig','tg',1,'Z',NULL);
/*!40000 ALTER TABLE `faplisaxis` ENABLE KEYS */;


--
-- Table structure for table `missoncontrol`.`faplisbuilding`
--

DROP TABLE IF EXISTS `faplisbuilding`;
CREATE TABLE `faplisbuilding` (
  `pkey` varchar(32) NOT NULL default '',
  `name` varchar(80) NOT NULL default '',
  `faplisstatus` varchar(8) NOT NULL default 'gültig',
  `sitepart_key` varchar(32) NOT NULL default '',
  `shortname` varchar(25) default NULL,
  PRIMARY KEY  (`pkey`),
  KEY `FK2_FAPLISBUILDING_FAPLISSITEP` (`sitepart_key`),
  CONSTRAINT `FK2_FAPLISBUILDING_FAPLISSITEP` FOREIGN KEY (`sitepart_key`) REFERENCES `faplissitepart` (`pkey`)
) ENGINE=InnoDB DEFAULT CHARSET=latin1;

--
-- Dumping data for table `missoncontrol`.`faplisbuilding`
--

/*!40000 ALTER TABLE `faplisbuilding` DISABLE KEYS */;
INSERT INTO `faplisbuilding` (`pkey`,`name`,`faplisstatus`,`sitepart_key`,`shortname`) VALUES 
 ('gg','gg','gültig','ss',NULL),
 ('k','öööö','gültig','lkjl',NULL),
 ('slkdn','slkv','gültig','dsav',NULL);
/*!40000 ALTER TABLE `faplisbuilding` ENABLE KEYS */;


--
-- Table structure for table `missoncontrol`.`faplisbuildingpart`
--

DROP TABLE IF EXISTS `faplisbuildingpart`;
CREATE TABLE `faplisbuildingpart` (
  `pkey` varchar(32) NOT NULL default '',
  `name` varchar(80) NOT NULL default '',
  `faplisstatus` varchar(8) NOT NULL default 'gültig',
  `building_key` varchar(32) NOT NULL default '',
  `shortname` varchar(25) default NULL,
  PRIMARY KEY  (`pkey`),
  KEY `FK2_FAPLISBUILDINGPART_FAPLISB` (`building_key`),
  CONSTRAINT `FK2_FAPLISBUILDINGPART_FAPLISB` FOREIGN KEY (`building_key`) REFERENCES `faplisbuilding` (`pkey`)
) ENGINE=InnoDB DEFAULT CHARSET=latin1;

--
-- Dumping data for table `missoncontrol`.`faplisbuildingpart`
--

/*!40000 ALTER TABLE `faplisbuildingpart` DISABLE KEYS */;
INSERT INTO `faplisbuildingpart` (`pkey`,`name`,`faplisstatus`,`building_key`,`shortname`) VALUES 
 ('CC','CC','gültig','gg',NULL),
 ('kjhk','poip','gültig','k',NULL),
 ('slkjdflkdsa','lkdmfJ','gültig','gg',NULL),
 ('tg','tg','gültig','gg',NULL);
/*!40000 ALTER TABLE `faplisbuildingpart` ENABLE KEYS */;


--
-- Table structure for table `missoncontrol`.`faplisbuildpartobj`
--

DROP TABLE IF EXISTS `faplisbuildpartobj`;
CREATE TABLE `faplisbuildpartobj` (
  `pkey` varchar(32) NOT NULL default '',
  `name` varchar(40) NOT NULL default '',
  `faplisstatus` varchar(8) NOT NULL default 'gültig',
  `buildingpart_key` varchar(32) NOT NULL default '',
  `shortname` varchar(25) default NULL,
  PRIMARY KEY  (`pkey`),
  KEY `FK1_FAPLISBUILDPARTOBJ_FAPLISB` (`buildingpart_key`),
  CONSTRAINT `FK1_FAPLISBUILDPARTOBJ_FAPLISB` FOREIGN KEY (`buildingpart_key`) REFERENCES `faplisbuildingpart` (`pkey`)
) ENGINE=InnoDB DEFAULT CHARSET=latin1;

--
-- Dumping data for table `missoncontrol`.`faplisbuildpartobj`
--

/*!40000 ALTER TABLE `faplisbuildpartobj` DISABLE KEYS */;
INSERT INTO `faplisbuildpartobj` (`pkey`,`name`,`faplisstatus`,`buildingpart_key`,`shortname`) VALUES 
 ('sc','sdvc','gültig','tg',NULL);
/*!40000 ALTER TABLE `faplisbuildpartobj` ENABLE KEYS */;


--
-- Table structure for table `missoncontrol`.`faplisfloor`
--

DROP TABLE IF EXISTS `faplisfloor`;
CREATE TABLE `faplisfloor` (
  `pkey` varchar(32) NOT NULL default '',
  `name` varchar(40) NOT NULL default '',
  `faplisstatus` varchar(8) NOT NULL default 'gültig',
  `buildingpart_key` varchar(32) NOT NULL default '',
  `shortname` varchar(25) default NULL,
  PRIMARY KEY  (`pkey`),
  KEY `FK1_FAPLISFLOOR_FAPLISBUILDING` (`buildingpart_key`),
  CONSTRAINT `FK1_FAPLISFLOOR_FAPLISBUILDING` FOREIGN KEY (`buildingpart_key`) REFERENCES `faplisbuildingpart` (`pkey`)
) ENGINE=InnoDB DEFAULT CHARSET=latin1;

--
-- Dumping data for table `missoncontrol`.`faplisfloor`
--

/*!40000 ALTER TABLE `faplisfloor` DISABLE KEYS */;
INSERT INTO `faplisfloor` (`pkey`,`name`,`faplisstatus`,`buildingpart_key`,`shortname`) VALUES 
 ('cc','cc','gültig','tg',NULL),
 ('ff','fcv','gültig','tg',NULL),
 ('smdn','lsanc','gültig','tg',NULL),
 ('öölkl','oiuo','gültig','kjhk',NULL);
/*!40000 ALTER TABLE `faplisfloor` ENABLE KEYS */;


--
-- Table structure for table `missoncontrol`.`faplisplane`
--

DROP TABLE IF EXISTS `faplisplane`;
CREATE TABLE `faplisplane` (
  `pkey` varchar(32) NOT NULL default '',
  `name` varchar(40) NOT NULL default '',
  `faplisstatus` varchar(8) NOT NULL default 'gültig',
  `floor_key` varchar(32) NOT NULL default '',
  `shortname` varchar(25) default NULL,
  PRIMARY KEY  (`pkey`),
  KEY `FK2_FAPLISPLANE_FAPLISFLOOR_FK` (`floor_key`),
  CONSTRAINT `FK2_FAPLISPLANE_FAPLISFLOOR_FK` FOREIGN KEY (`floor_key`) REFERENCES `faplisfloor` (`pkey`)
) ENGINE=InnoDB DEFAULT CHARSET=latin1;

--
-- Dumping data for table `missoncontrol`.`faplisplane`
--

/*!40000 ALTER TABLE `faplisplane` DISABLE KEYS */;
INSERT INTO `faplisplane` (`pkey`,`name`,`faplisstatus`,`floor_key`,`shortname`) VALUES 
 ('ds','dsv','gültig','ff',NULL);
/*!40000 ALTER TABLE `faplisplane` ENABLE KEYS */;


--
-- Table structure for table `missoncontrol`.`faplisroom`
--

DROP TABLE IF EXISTS `faplisroom`;
CREATE TABLE `faplisroom` (
  `pkey` varchar(32) NOT NULL default '',
  `name` varchar(40) NOT NULL default '',
  `faplisstatus` varchar(8) NOT NULL default 'gültig',
  `plane_key` varchar(32) NOT NULL default '',
  `shortname` varchar(25) default NULL,
  PRIMARY KEY  (`pkey`),
  KEY `FK1_FAPLISROOM_FAPLISPLANE_FKE` (`plane_key`),
  CONSTRAINT `FK1_FAPLISROOM_FAPLISPLANE_FKE` FOREIGN KEY (`plane_key`) REFERENCES `faplisplane` (`pkey`)
) ENGINE=InnoDB DEFAULT CHARSET=latin1;

--
-- Dumping data for table `missoncontrol`.`faplisroom`
--

/*!40000 ALTER TABLE `faplisroom` DISABLE KEYS */;
INSERT INTO `faplisroom` (`pkey`,`name`,`faplisstatus`,`plane_key`,`shortname`) VALUES 
 ('sd','sdc','gültig','ds',NULL);
/*!40000 ALTER TABLE `faplisroom` ENABLE KEYS */;


--
-- Table structure for table `missoncontrol`.`faplissite`
--

DROP TABLE IF EXISTS `faplissite`;
CREATE TABLE `faplissite` (
  `pkey` varchar(32) NOT NULL default '',
  `name` varchar(40) NOT NULL default '',
  `faplisstatus` varchar(8) NOT NULL default 'gültig',
  `shortname` varchar(25) default NULL,
  PRIMARY KEY  (`pkey`)
) ENGINE=InnoDB DEFAULT CHARSET=latin1;

--
-- Dumping data for table `missoncontrol`.`faplissite`
--

/*!40000 ALTER TABLE `faplissite` DISABLE KEYS */;
INSERT INTO `faplissite` (`pkey`,`name`,`faplisstatus`,`shortname`) VALUES 
 ('!','TEST','gültig','TESTSHORT'),
 ('4','ttt','gültig','ttt'),
 ('nn',',mn,n','gültig',NULL);
/*!40000 ALTER TABLE `faplissite` ENABLE KEYS */;


--
-- Table structure for table `missoncontrol`.`faplissitepart`
--

DROP TABLE IF EXISTS `faplissitepart`;
CREATE TABLE `faplissitepart` (
  `pkey` varchar(32) NOT NULL default '',
  `name` varchar(40) NOT NULL default '',
  `faplisstatus` varchar(8) NOT NULL default 'gültig',
  `site_key` varchar(32) NOT NULL default '',
  `shortname` varchar(25) default NULL,
  PRIMARY KEY  (`pkey`),
  KEY `FK1_FAPLISSITEPART_FAPLISSITE_` (`site_key`),
  CONSTRAINT `FK1_FAPLISSITEPART_FAPLISSITE_` FOREIGN KEY (`site_key`) REFERENCES `faplissite` (`pkey`)
) ENGINE=InnoDB DEFAULT CHARSET=latin1;

--
-- Dumping data for table `missoncontrol`.`faplissitepart`
--

/*!40000 ALTER TABLE `faplissitepart` DISABLE KEYS */;
INSERT INTO `faplissitepart` (`pkey`,`name`,`faplisstatus`,`site_key`,`shortname`) VALUES 
 ('dsav','wfw','gültig','4',''),
 ('lkjl','ouiui','gültig','nn',NULL),
 ('ss','ddd','gültig','!','');
/*!40000 ALTER TABLE `faplissitepart` ENABLE KEYS */;


--
-- Table structure for table `missoncontrol`.`group`
--

DROP TABLE IF EXISTS `group`;
CREATE TABLE `group` (
  `pkey` bigint(20) NOT NULL default '0',
  `name` varchar(40) default NULL,
  `history` longtext,
  `secondlevel` int(11) default '0',
  `Thirdlevel` int(11) default '0',
  `organization_key` bigint(20) default NULL,
  PRIMARY KEY  (`pkey`),
  KEY `FK2_GROUP_ORGANIZATION_FKEY` (`organization_key`),
  CONSTRAINT `FK2_GROUP_ORGANIZATION_FKEY` FOREIGN KEY (`organization_key`) REFERENCES `organization` (`pkey`)
) ENGINE=InnoDB DEFAULT CHARSET=latin1;

--
-- Dumping data for table `missoncontrol`.`group`
--

/*!40000 ALTER TABLE `group` DISABLE KEYS */;
INSERT INTO `group` (`pkey`,`name`,`history`,`secondlevel`,`Thirdlevel`,`organization_key`) VALUES 
 (1,'Thirdlevel1','\n###### guest: 30.06.2005 09:45:30 Uhr CEST\n  Name:                                               Thirdlevel1\n  %SECONDLEVEL:                                       0\n  %THIRDLEVEL:                                        1\n',0,1,NULL);
/*!40000 ALTER TABLE `group` ENABLE KEYS */;


--
-- Table structure for table `missoncontrol`.`jacob_document`
--

DROP TABLE IF EXISTS `jacob_document`;
CREATE TABLE `jacob_document` (
  `columnname` varchar(30) default NULL,
  `docsize` bigint(20) NOT NULL default '0',
  `docname` varchar(255) NOT NULL default '',
  `tablename` varchar(30) default NULL,
  `doccontent` longblob,
  `id` varchar(36) NOT NULL default '',
  PRIMARY KEY  (`id`),
  KEY `IDX_JACOB_DOCUMENTNAME` (`docname`)
) ENGINE=InnoDB DEFAULT CHARSET=latin1;

--
-- Dumping data for table `missoncontrol`.`jacob_document`
--

/*!40000 ALTER TABLE `jacob_document` DISABLE KEYS */;
INSERT INTO `jacob_document` (`columnname`,`docsize`,`docname`,`tablename`,`doccontent`,`id`) VALUES 
 ('data',2142,'214216_334154_100_66_s_class_front_600.jpg','documents',0xFFD8FFE000104A46494600010101004800480000FFEC00114475636B79000100040000003C0000FFDB004300080606070605080707070909080A0C140D0C0B0B0C1912130F141D1A1F1E1D1A1C1C20242E2720222C231C1C2837292C30313434341F27393D38323C2E333432FFDB0043010909090C0B0C180D0D1832211C213232323232323232323232323232323232323232323232323232323232323232323232323232323232323232323232323232FFC00011080043006403012200021101031101FFC4001C0000020203010100000000000000000000000305060104070208FFC4003C1000020103020403040706060300000000010203000411052106123141135161227191A1071415235281B12432426373923362A2C1D1E182B2F0FFC4001801000301010000000000000000000000000001020304FFC4001F1100020300030100030000000000000000000102112103123141132251FFDA000C03010002110311003F00E8BAF2B46F1CA6E5E28D87290064647FE4074AAFB2C3231227B890FF009157FD8355CB5189E5B29044C16451CCAC46718FFACD56A499B97EFB52931E4A871FEA61FA5690960319A297B5BF5E5B69A38A51CB24D7048007518C803AE3B55AB94F7EB546E7B477047D62E181CE030DFF00B549F9D5DACE692EACE19E58CC7248BCCC982394F960EF53C8BE821A2A0753E2DB4B2CC76816EE71DC1FBB53EA7BFE5F1AAE71AF11C6D76D636F7723C31FB12C510C06907504F703E02A953EB13D9C4257B48BC223391292547995C0DBDD9C538C155B06FE16E1AEB4AE4DCA846272597F77FEA9FE38750C0820F715CD2E38B2E56521601B8FE18CB0FCA951F15EA11EF1075CF6118C7C2B652A1752F562E3ED7D5FFA91FF00EB5BACD549D1F8AA04BEB86D48F82F74C9EDF2E101031BF966ADA6504641C8F31549D8AABD18CD9A4B9AC1937A5BBED4C467F3A297CD450075CAADCF0CF6F7322471D9C28ADECB1F0D491DBB16AB2E2A27588A0478E79629242DEC61642A3CC6C064D71C5E9AB22A46999712EA781DC46B230F9F28A91E1DB9B712CB6704924AF9F199D828F218C027E66B4D6DE56F6A0D1571F8E4849F9C8715B16EF7D15CC267B9B7B7855C168D655DC7972A0C55BD5449CA35BBA80F14EACB00128B772262A77EA5588F50739F78A889256B8D49AE0F335BC7105849E8C58E5C8F70017E3561D4EE74C1C6D1DC5BBC5E0DF7D6A363CB80C44991F9E7CEABDAF5A5C68DE235B975B791832A7861A3CF91DF23DE3AF7AA52C138DE91F653456570633CCFE1BB2957E9ECB600DBB6314FD4EF56FEE1E56458549C88E162AA3D37CD413B4D2DECAC7949279FEEC86CE40F51D6B76D2F22B7669E4B56B8F03778E42A14676048C93D6BA2328A8DB25F779F023FBF9422C4B20CE7C345C922A474FD57EC9BAFABBDC38B176C23C990D031FE1707B1F97B8EDE538B6E82FECD69690211D51483FA0A82D4AF2FB54909B80AC4AF216015723CB3B9C54F27227E0478E48E8367ACC579078D1B7891125448A08C9070763FA8AD8FAD23746CD54B47D64471456576708AA1524CE797D0F98F5A9B921607990FA820D25A8249A7A49F8E3CE8A89F1E71B1553EBD28A62B3E80A55C2CAF6EEB0C863908D9B988C7E63B536B35C46E56E482363CD3EA45CFF2A12DF373FED492FA621E502E276F279F1FE9419ADAB91656D78D0AE9EB34A371E217949CF92F414F46D60A620B536B1F990900FF009ADAF0CD9C83E90385649B5786FEDD67B089F32449CA4207CFB4579B719C0CD6B596A48F6EF65A9A068883E2803F77F9883CBF12F6EA36CD756D57453AAD9BC373A8C525D6730246CCE39FC998F63D2B94EA9A6CB6D74C8EAF05CC2DD0ECC8C29A49F81745675BD126D267F15183DBB9CC522EE187E949B5B913C1CEEB945D9B3B943EBE9EBFFC27AC7429B5E7BB8B9E48BEA96ED2C51A3623321CE76FC385031DB3B53382ECB44B982469E27FB4D55CAA2CF833A63980E53B12371E79C53565C6493D228DA2B007C30411904529AC93070A54FA1A99D6ECF51D02E9A5D32347B065495A092DC96B7C8C9D8F518C9383807B0CD22F788645B9915620E33B378691023A83851B0FCFBD52DF4DDF271563657AE2192063CC0A907AD58386AEAE3502F6F0C6F288D32428CF29CEC07BF738F4351F3DF9BA98B9B0B652DED33B297DFB9CB1C0ADEE17D712CF515B6D274F6B8D56E2F10473E424106E179801FBC48F701EB46475339E53ECAA895E7CF4C1A2BB4DFF000BE877F7925C5C69B134AC776195CFA9C1193EB451F9E3FC33E8C97A2B38A2B90D8D5BC17CCA8B69272839E7CC8100F5CD46359827375A9C5CDDD61432B7C4EDF2A98B8805C5BBC45B979BA363383E78AD58F44B41FE2C97139F267E45F82E2AE324912C8F13699652A3F2CB2CAA72A6E26C6FE8AB5A9C45C2F3F1144B7425B74B811E635F04AB3770ACC5BE07156982DEDED47ECD6F143EA8833F1EB4C2798E49CD2EFB68547068EE1F86F51965B946850298A70E31C87B67CB7FD45502DAEB4FBB7582EA55810CCD993939884272180DB38CF4CE6BE8BE2DE133AD31BBB2E4176179648DCE04A074DFB1EDBF5AE3BA9F0B476D72F0DC591B7941DD19394D6EBF7584DB8B2AFAC431D92AB2EBA2F6123954DB5EB31C74DD1B0CBB5234BD5F4E86E47DA126A72DBAAE02C5260EDD37CF4A959F86222495181EB4A5E1A5CF51EE14283072333F15692A8C9A7F0EABB904096FA632119E871BD587E896C1751E2B85B50BD68CC23C78208D4012B2104293D71DF03AE293A5FD1EEA7A83036BA7DC3A9FE364E44FEE6C0AE93C21F46CDA1EA106A57B749E3C279A3820C900E08F69BBF5E83E34A4925AC49B3A09249EF4503228AC0B1B477A28A92C2BD0E945140998EF403BD1453119ED499EDE0BA1E1DC4114C9F86440C3E74514211AA787F468F2CBA55983FD05FF008A7C56D6F0E3C2B6823C7E08947E828A29DB18E24B7524FBEBC9E9451408C0DC51451480FFD9,'62b5f380-e94f-11d9-a3b9-e6f57f000001'),
 ('data',7652,'195068_304611_431_59_home001.jpg','documents',0xFFD8FFE000104A46494600010101004800480000FFEC00114475636B7900010004000000320000FFDB004300080606070605080707070909080A0C140D0C0B0B0C1912130F141D1A1F1E1D1A1C1C20242E2720222C231C1C2837292C30313434341F27393D38323C2E333432FFDB0043010909090C0B0C180D0D1832211C213232323232323232323232323232323232323232323232323232323232323232323232323232323232323232323232323232FFC0001108003B01AF03012200021101031101FFC4001C0000020203010100000000000000000000050603040102070008FFC4003C10000201030303020403070302070100000102030004110512210631411351226171811432910715234252A1B116C1D162F0242533345392E1F1FFC4001801010101010100000000000000000000000102000304FFC4002411000202020202020203000000000000000001021112210331134104512261142371FFDA000C03010002110311003F00EDA2E10F7C8ADBD68CFF0038AA04FB560E7C1ABC4E39B087AB1FF58FD6BDEB47FD6287735E2715B1366C23EAA7F556A674FAD07BCBFB4D3AD24BABCB98ADE08C65A491800286689D67A3F505E496B61705E6452E030E1D723907CF71F3A295D1B263499C7815A99DBE42AB7A87DAB3EA647229A3644FF896F207D6B4699CF9C7D2A3DCA477C57B3815A82D9B895C1F849CFCEB94F5B756F53DFF00503E95D3DA4ADCC76FC2CCB83B9B6E4F048C0F1CD752046E1ED9AE310753D9F48E9FAD594D7021BF95E410C51824AB166E71E0735A81B6215DF58F56CB9325C18C6704280285DCEBDAFCA8DEAEAD38C0C9556208FD2A5BC91AF5B30DB4AD93D922722B58747D4EE1D4B6917EF1AF81115CFDC8ADB2896C3AA752D32C61DD2DDDC0766249988C1CE3B906BA542B349A40B85BA9E43346B227A9B414E338C803DFCD27C1D1B7979A7DBDB3AFE124699A40AEA5F6283FCC4700E3C79A7E8AD0C1A4ADB330631C21320601E3BD0858B9D436D2DEC36AE8C032939C9233C0FF008AC58CD716D6514390CEAA558127FCD5BBC23D0403B291FE2A8A4AA24CB01F6E2A73758B2B15765F5BE746E09231C6D63FE2A55D51F232CFCF7046687808241C60E7DEB1F96503B672334182C355904B80A8EBCE086C1C63DAA74D49792D0C8B8192460FF8A02A1C48013939EF806A4492546CE10E7B9145230C56FADA452911DD4B0BE01C02CBE68B47D557EA99FDEB94181991811FA9A4C5B9956650501E0F9C562E520BCB778248B0AC0038C671907FC8ACF4AD0A56E99D674CBD92FB4D86E6420BB8392BDB20919FED539940E280F47C221E95B1863C98E30EA33EDB8D1BD86BD30A6AD9E69A69D232D2B638A8C976EE6A4D9C60D7B61F6C0F7A6D134C898B7D3DAB0A5C9E0D48EBE31F7AD42E07CE9B5414ECD37B93B771AF720104F7ADC28EE3F5AC30F1458D11B647159491E33BD1CAB0ED8ACA8DD2AC6065DB240F26BC7661B276EDC96CF8159C974CCA2FB45C8F54B85C06C3FD460D5BB6D49252165C46C7B1CF06968EA967EAEC13649F214E2AD47756CEDB52742DEC4E0FE950D45969C90D0590776033DB26B38A58930C38E4FB8E6A48A6962E12571EF83C51868ACF631578D058F569D71BC2483B7B1353A6B2873BE171F420D4B83294D04AB15413578198ABABA7CFBD5B4B886550C92A107B7383FA50D35D8A927D1264D62B39071F10E7B7358C50262BD59AC1AC6306BD5EAF5631839AF57ABD5ACC6BCD7B9ACD60D6318AF57ABDE6B18AD25E4708CBB8FA0E4D529B59E0AC09F17BB76FD2851059805395F6F34AF79D60B0DFDCE9B6F65135D425C66476200C900E0633DBB035739C61D931E372E87537B71272D31C7FD2715ACB7332C7F0925BCE4938A53E9CD5B58B990A6AB6AFF12068E65882277E471F5E3CF7A655B9E42E3F4E6B2964AD1A51A74C05D5735BDD74EDEDADF3DBA892263189980CB8190467CE7DB9AE6FFB2DBEB0B5EA596E2E2E12D2736E6383D421039246EF88F6380383DE81F5CEB13EB5D4776B3FC421C88507022504F1F523927DE8247293B2E0ED2090B201CE4FFD9F15CA52B768EB08D2A67D49F8FB8182D2BE3C9CE456EBA9CEA32262C3C86009A5EE9DBE6BDE9CD32E1724C96C84923B90304FF6AB53DD5BDB9024382D9EF9AECE514AD9C71774832DAACE577260FD40A961D5C9E258B27C9438A4FBCEAEB3B14025B794AECDEB8C00DFF15B47D4D6F7ECA90AFC58C8084E7FC54C79212D262E2D6C7A8EFEDA4E37ED3ECFC1AE47D6FD65068BD4D7909D19E43BC01392AA243B579071CF7A675D4E41F0FA12107C609FF6A54EB1B187A86CDA25290DD447723C8AC0676E48663C038E78F02AA5FA042E49FB49B99226920D2E250BC0324CC4FF0061FEF50C1D6DAE6A72C515B5B5B46D3388C33292A0FDCF6A170F46DFCB16F1A8582C4C3702B2B3023EC28CF4FE8F1E8B79BE6BDFC4B897D28A25531AACA47E6DCF81D863238A86D954BD0EF6D7244310948693681218C719C727E99ADA29A4113FA93A4C4B310CB19518C9C0FD38CD51BAD427D38AC674E92E2432188FA5323056C91DFC8F9D26DA7526B5FBFE39A69241617331B748980291E4E17EA4707E74DA0A7D0CB2C0659651248E36283B571DF1DBEB43DD2CFB35CC91BF9CAE47F6EF5BDF748DFEA57AD7AFAF3C7238191141B5781EDBBBD08D7344D4742D31AF5B5FB89F6BAA88CA819C9F7C9C518FD9597D06D6C9DE31225D23AE320952322B536F3638313377E49AE7FF00EA3D5ADD9645BB72A095DA70476FF14D3629D4577651DC43009A365C8221620FDC1A8FF0ADD585BD3B9C8CA03C8ECC2B7F42E003FC07F9608340EE2F3A96D5940D02573EF1C527BFDEAAFF00AE6588159AC644752438DC320FD08A680633EB2CA9BA19077FE527C548B2B0EE1C7D41140A3EB888C8A1EDA55F27183FF15622EBDB42DB5ADAE073818DA4FE99AC63AE746C824E9C8C0C9DB2C8BF21CFFF00B47FB77E280F482BFEE159D8A6C9DBD688A1CE54AAF7F9E41E28D9620F273EE05768F4729766C48FAFD2B43BFF00907F8ACE7776C8FB57B630E4E4D2063E31DFBFD2B055CF9F9F6AC94949E3E11F5C56DE81272CC3F5AD91B134122F63C7CAB046791537A0A33F177AF7A498C67FBD19A360CE4BD73D59ACC3A9CF6D63746CADED6431301183EA1C03BB27EA063B5204BD5DD437594FDF12F3CE32838AE95FB5037F69796F71A7D959DE7F0C2BA496A2591793F167DBC7CA9374DBCD72FB514B66B182DA36C1F51F4D55C0F3F7A86F65A8E867D36FAF2F348B79AE5DFD4470A246182E02A9CF8CF2C455E3A9CA0AF395E395E4E7FDE876ADAADBC907A086494C276BA5B445B6646EE70381C1FBD078759D2E40823D49149F842C9C1CFF006F35CD96AA87BD3753925BDB68D304B4AAA4720E33DFE74E1B0F620F03835CD7A7AEA26D72C425D4520F55780DC9E6BA989D0F623F5ABE395222714CA8004E3C9F3504B730439124D146782048E1491F43445A58C0F888CF8071CD712EBDB4B08FAA6E52FB5191647025526D89F808C801B3C8038E3DAADCC9503A8BEA96AAC02CA920C852D130201C76FAD4D15D413B008DF176AE53A0595BD8E98D756D70F224CE000E9E9863C73C9F963F5A2775A95FDB5BCB35A318AE146E491F0029F7C9E3B1F352F91A745282AB3A51563F3C7915247793C036A4CF8F61CD73CD3359BF5F44DE3209D881214EC4E7BFE9CD11D5BADF50B0D4A6B6B6D024B88E27DA252E46FEDCE31C0E6953BD30C2B63FA6B4E1407B7DCDE4A9C66A75D5ED981DC24423C11495A6753C17F3B5BC80433927680030231EE0F7EFDEA5D57A9ACB47119BA9E4CCB9D82280B703CFCA8B4FA29A6BB1C06AB1336023E3C9C8AF4BA9C69F9549F624802946CF5983538D648E62A8C0303B7071FEC6B4BDD6B4AD3248A2BCD404724C7E005492DFA76FBD1A0D8E09AB5BB0CB9D9CE3DC5585BA81D432CC854F63914A31DD5812765CA48C3B88C8247C881DBEF5B1B9B4078671F2C1A1B88A4C71041EC411F2AC3155196200F727149E350850E51E704762062B0DAAA16C3191D89EEC013FAD1921A636FAF0E377AA98F7DC2BDEB45FFCA9FF00D852636B1177F8C7D16A11AA5BFA9DE4F3C915AE26D97EDAEEDA704ACA81B3CEE2300E3DE95356D3ACDF5A9AE55E212339242B738257C7D493F6A5DBCB89E32EB0A2491A93CF3806865BDFDD5EC6EEEA50C6F81B633DFF00FED78A5CD292DA3D51E3517A3B347140F0ABA1DE8384C71C54772F1C16B29528B2043B19B900E0E0FEB491A2EAB3A59AA4D23BBF2C3E33C13E2A7FDF8F9F494009BB243A8273F5354FE5EA817036CE3FA8DB48F24F3DD4BB2FE372B2C6E386F9F0381FE6A8452CB73EAE46768E36F014F83FDA9D7A875FFDFBAE886E6189114885046A14956C825BDC9383F214990C691028EEEB234801E3B0CF7AED16DAD92FBD1D5FA27A858F495B5AB3847B5668D81EFDC9EDF435BEABAC451C6CFEB65CF72DE07BD41FB31BBB4B6D22F0E50CCF3032990038C0E0F3F7A727D46469338B4653FF00429E3F4AF37271B9CB72D149D2D239B4DAE433DBCA8F8995D0ED38E54E38E698B449616B885E144118937B85241CE08FD31E29B45D2FA20A240CE4E36A228C0F7CF1FA5656EEE94E121CB0F0BF4F953E34B699393F65A89ADBD5554981249F1C67341755B3597549511E59115448620F88D5B1B7760FF360633DF1444C97CCB872E9BBB6D604E7DB9C5566BCB9123C08D248E982CBB092BF5C1E2BD1E47EC8C11CA6FA2D3D2F67823D375891A372A53D0763C7B9DFC8CFCA88E9B3C9F809ADAD3A56E8A801A4F5FF0087EA1E71C60E78F6A7B9AFEE50075B59E553D82AB633F7C7F9A863D65DBBE9B701072240E083FDE97C8EB418094D7BD431C6B8E989D228086558E43903E83BD06167AE35A45FF935FB4892AB29303FC2036EC76F7F35D7ADE76BA8DB36B2C65090E588CA9FA64D08B9D5A3B799D26B8788A9241237211EF919C0C51E47EC5405C8AFBAA2E06468A91F63FC42E0FF008E281EB377D49A95B9B09F429123128626389CE48CF9F6E6BA2DA5C0BE8A4685C12870C15836467838F635E782E532FB7760700B003EE4F8ADE466C11CBAF3A4F509B46FC5C767702E0CE2216A213BF6053F1FCB9E2A8FEE5EA98C0F4ECF538D7FA537802BA86A5D456BA3DB95B7B782EDD906F76DE0863FD24F718E7200FBD57E9CEA1B7963896ED92490E43ACAC72A7C1CF918F07B51E4695D0A827A1021D33ACD6450ABABAEE1B8619CFBFCF8ED500E9CD7648675974ABC79D8EE2EF11CE7393CFBF35DC535EDE03DAC3198F9E541C11F7EFDFB8A96DB5BB3698DBDCEA36F66FBB68596260CCDC7618E7839AE5E79B74915E3556CE2EBD2DA9FFE1E68EC65915329280A321F3F971EFE39A64D07A334F82179F5DB2B9BA9989D90424AAC673FD4393C7D854FD59AEDCDB6A53DDD959C912DB491992F8B188DC2E33B76F639040CE09142ED3ABA4D63575692EAF23B46000B659708AFECCCB82467DFEF55972558631BA4743B6EA4B6D20269969049E9C5185B7B524971C7639FF27B55B7EA3D4445FF00B54126013F1700D2ADF4D35AD94A6D6CBD2BA521B7C4A00FE921CF91F163EBCD683587B5BCB9B7B99E08EEADC286804AAC5C919C29EC48EC73D8FBD7373E492B8958453A63A9EA07F877A18D580C924706A46D5DB006E393E70734B76DAB4B2D9473C96371961B82B9462C3EC7DAAEDBEAF6D7063402485D8950D3A98941E7CB773C1E0668FE4F25D51BC4BD915DEA3AE497CF24173B2D958054E3E21E7BF6356A4EA64816312382F9FE20073B7EF55AD3516BABB682DAE23BB62C7017838F7C9EE31E6876A3FB8E79D835C40B72C065436727ED52FE47227D14B8A3F633AEA72C8A1D1656561905790456DF8BBA7C8092FF006A5D82F2E6D8A2968A4B7230A5581C0A2835438657395C6401915A5F2A4B5465C081DD45657DAA44A91AC4B9F85FF121CAF7E31B48C1CF9A0F67D2FAA595EEFB6BAB78D0633205732A8F97C7C7228F5DDD3DDDA59BDB4F3BACCC0058CA1C8C12386233CAF8E4773C52B5E6B57F60B20BFB24B495B3E9B7AA0A37239E327F4CF6AECB9791AB4887C714C9DBA6B5C825B9946AB651A4E36BEE848C8E47F577C1AA917414F1D81861D6E311312590C485304F2013C8FAE68659F53DCCA2590BBC91C6876C31B73800FC6CC473CFB63E94CDA5E91717FA458EAEFB0ADDB6D412B6097E785196C9E3B6335A5C9C91ECCA099A74FF00452E85A825FB949678C1F48894A281820F839EF4D69753C8701A02C4E302627FDA9517A860D3A4BFF52E8CD1A6CF450A1DCC4839183F31E7FC569D47D432E9FA7C5042B159DFB00D710C5000D10F0A5DBB92304950078A233E497E8CE090D973753A1DED2C639230849E3DBE542350D3A2D665499EE638D800A03C218E3EF4164D49F5BB7FC7585BDCC77190D2A1910C446406EE7E1EF9CF15BDD6A77D65A8C36118B792E2E0AB09FD50F1C631CF23863C761900F9350E5CC9DA29461ECB37DD3EB28F456F63F48C262E20C84071CF2DDF8EF8AA30746AACFBDF513244B96F4C2E01031DD738EFEDC56FA8DFE9FA5C4F7736ABF8A1C81128197604FB0ED91F4ABBD37D41A76BD7A6C6CD6532952DEA4B1845C0193939E3039A3C9CCF6B63843A60BB8B711DE19BD7BB8A456DEC14102400F6C6703DBE95B4DA1CFAEEA326A697CEA0B91E9A424852BF0F7CF7E2983A86ED74DB4BB4B785E4BC880F8645CA904E370C773939C1C1C734B9D3916BB01FC48673682411BA4ECA85DC8382437E518F25AAE2F95AB60D4169166C2C5748BB59FF001CE72A038F471B8FD49AB1ADDFDA5DDAC6923DC3BAB6E511E41EDF2A825EAF0669AD174F8A49BD42B148A08474CF739E47155AFAFAD25B366B586317AC320412A483E594EFF6E0FCE8FEC6ED9AA15458B2D5563CB4B33C08CD805800147B1358D6B4AFDE13DB4935F1DF164A7C24791DCFCBBD2F6A77CA2CAE06A371F87760162B4822C96046732331C28F90C93FDEAC59DCDCDD4135D69B6B3CCA811A791A6F50B6D006377B7C80CF8E40AAC6779587E3D5106B134FA0FE5D4A33EB31CC6846E619FCC40F07E745B49D624D4608923965455FE197DD93BB19C63FBD276A56B797F712CF7509218E4080A9DA7D88FF009A974CD32E22F8A0DF19521848EF8087DF8AE8E2DC69B27563E25D3DBABB7E2E32ACE4BC8C4E54E07D7038AF26ACE6EBD15B901E4FFD32DB5164391C2B1E33CE7E7545EE6D92216DACDF5A59DD48004721A79579072634C05523DC93E697753B09E0BCD4ED9E28E586DA5313989895520824A83FAF715C23C6EEDB3A36BD21AAE75492D6EB63994C8A0952AC0A3770704641E462B16DA8DCDDDC958AE30E467D2C0CFD697F44DCB6A5ACE79DD172CFEA420C6063E6783C77A8AF22BBB8B9063689A007868E32109C7C873F5AAF13BEC3254597D56E61CC6E851998FE5C631F3A90EB02CDA3123131CC094C8C943EDE38E68DDE69F6A347B1BB11913CAE5647DEDF100C719E682D9C8D0585E6B11E16FED93F833601F4CE40C81DB383DF1914AE38BEC72F65EB596F5E192E4DAC9E90254C86171823C67DFED5525D622B750F2432AB93B47A6039CE47B1F9FD695C5C5C4B76D7325C4CF3E49DEF23139E7DCD1D477BFD35AE6E9DE59A18711B163F0F3FF7CD3E085ED12B91B28EABA195D44DC58DC1BB95943491A4241439046305B3C63BF39F154750D22E46A0EAD6F247B9F702C84000F3FEF44B558D1A57CA81E9B80A17803279ED456F8087A9ECE08808E35910009C781DCF9FA9AEA1E8AFD2FA75F595EB3C493AC248496465C02DE001E4E78A708DAD2159EEE4BFB387F0CC16451302E991D980EC73EDC7CF34F7D41D1BD3F6FA65D6A70E9C897DE903F88123EFCF6CE73DF1C67BD7CEC9FC2DC632572DB8E0F7383532E34F66CD8EFAD6A52AE9FF0089B67BC7562024E3023619EC3DFF00CFBD1AD0F51D36D74CB85BDD0A099BD22F737115CEE9C4847C29E9A1DCAB83827EB9AE4979797315DC1711DC4AB3A1C2C818EE19CE79EF4EDFB3FD3ED26EA0D40CB6F1C857D20A5C6E2BB8F3827B13EE29505143D97B4FD6AC268BF0DA1CB7166FB8995A4520E73C01F11C0C9DBB88CF6A60FF0055693D3B6C74D4B7967BA4C34A508003B0DDF98E4B1F99F3483A6C296FD6ED6912ED82E59E3993390EBCFF00DE7BD41AC5C4BFBD277F50EE921F49DBC9503007F61CD462B30BFC471D33F6921EED60BD86DD925C6C9B053673FCDDF3F6A3735FC72596ABACAC5696B696B22C692B00A279410C172325813E077E39AE4105AC2E177267BF934CBAFB35BE83A6451332C6929754DC701BD307763FAB9EFDEAB05617A20EA6D65350EA4B76850E9E1C299EDE02554390379FAE491DA99F4BB0B8B89A5B7B0B6B8BCB2462B7372611840473CF01B83ED918AE62F0C6D70E581273DC935F4CC0069FA058595A2AC56CBA7A388D40C6E2A493F5279A6504F4C5499C72E3A86DBA7F5D75E9ED3E28A396128565959C1008F8FB8C720F7E31CE0531E9DD5763ADD9DC59EA517A8B2AFA6B25B42E9BD88FCB9E403C7706903AB2D604EA6BE09185036B00BC60B0E68874F8CD918CB36C0410BB8E073ED44A0A8148B5ACB8D4E3819D4A3DB4220002909804E39F7C1C7FBD410E9D7D2E9F676E935BC71E5D889B0BB981CED04F7381E303DE8A4D122E971607F313DFE4682EAB98A2B144242B22B119CF393DBDBED59145B4D6DACF427844C4CBC8888538099C7078C73F2A1106A97F71A5DC696CF2CC92CA93C519C9C30CEE61EDC7EB513E6542CE4B1DA7CD10B7B2B71A34B208F0ED24685B71FCA7048FD6A925D8362FF55CEB3DCAC71DCBC9E8C6913076E4B80724FE98FA52D24AF09054E0D1CBDB788DD91B38DCDE7E66AA5C5B42173B06719EF568E6C75E9FD5CF5334163777404FB71BA4894A421149DF9EE7819C793DE83DA5835E4725EDDCA4C0AC705B3870B8F1ED920714234A1F85BCB79E0668E5C9F8958FB1A72D5ED613A4C573E98132A940C0E3031DB1DAA5AA748ABF66D0F5A81A0DCE956B0C104B01F522BB8A2E7667F2E1BB0C9AAD3F5FEB5FBB0DB19ADE5478C44488800BCE4B0F627DE97A6B78A2864D8BB772E1B93CF22B1A5DBC4D71B590153E0F6A1423DD1B27D0EB6FAAE8BA2DAE9E6EE0D46F04CA24B9779942F2B9C2479E393DDBBF7C7341D7A86EA08AED2D66D897586F5A36FE2100F196F078EDE6B689564705D54F23C0F6ABF36976496324A96C8AE5C648E3C5148497A4F54B7B9D42E46AEB034AF8956795412C738239FAE69DAE6FA5D2ADE05D1FA7A2BCBABF531A3CAFB900DC540038CB139ED800523E9D047E9FA583B37918C9ED9A6CB6EA5D62D3A71BD0BD7466B81096DAA5820030A0E3207D2B9A8273B2ADD0B9D4B7F67D3315AA5C69B7FF00BE8C61656B928B1A1C63088B9C281EC452747A9BDD067B8B447490943223B0238CF9CFD6B7D69DEFAE6692E9DE57F558EE6624D69A7C69FBB6F531F0EE538CFCCD754B44BECD2D2DD7F1BB6D5F2CD906392339231C8C8E31FA5745D74E9F1C1A15A5B65F4C58834305BB6E324993BB322E0EEDD9CE3E8297BA6B4FB492D756B97855A5B7803445893B49C738ED9AAE8826B38A490B33877C1DC78E450FB1F40ED4312DC5C34A84CB93B19093E4F9AB97BAC5E359DBBEAAC64BB5E227DBFC42B8ECD8C6473E6B10A8805CCB1E5640D90D92483835EBA25A399C925B3DCF7FCB480CBD272D86B93CD67A7689A85CCD1AA86BAB85478217F05E318006477249F956FAC68DD4D73A2C73CFA6416F25B3B996488C2414C0FCD1A8E3B77C671DEB5E9695F4BFD99BDC5937A33DEEA2F1DC480659D5538193C81F4A15D3CCF65D46628259447312922B485838C1E0E49A2B637A164FE1F5088AFA11FAACEAA2489B2B81DF8F028D947E93B3B5B98E2DDA99937446751854C03951DC1C9EE47D2AB3DB4367A7DCEA96E9E95EC57594994904727ED577A8A259746B6B89373CCF72ECD23B12CC4AA6724F34FE80AA7A86E75BD5A6935058DCCC029461B5071F2E73FAE69E7A56DB4F8F47BC6D57538E2B08660EB1BB14121DA06DE3058639C0F3EC3349FA64110B19B11AE7D30738E7393E6ADF545A5BCBA74FBE142216458C0180A0C609E3EBCD668C825D49AE3BDD0B6D3BA623D8AA144B771067603B16F4C818E7C92287DB3D9D8CB2C4AB64B7CE799D5108CE4602063853B8F72718AD3A5353BBD5A13A0DF48B36991D8BBA40D1A801B939C819CE7E74AF042922C3149B9D3D12C0331383F2CF6A048B587D46EAEE58AEE50E632498C480ED3EFC139FB56345D47F03722192E2E23B167F51D22C125C03B4E1B8EE7B9F1579ECADE3494AC783B0F93F2A834AB2B79EEA112C4181700824F3554A896DD92EABD457373AF4B7A93BBC726C575380240AA1791DB9C67EF4C9A8C775D25A64575258235FDC8DD144C777A11F8675F76EE01F033E6A9450C70EBF1491A2868671E9F1C2E338E3B555D66696F66496EA692692588CD23BB92CCFEE4F7AD48A274EB7BEB9BAB7379A4D9C6E802C02D6D1639A438C7E6F009C1C8E7DA84A5D751DA5B86F48DB24D70D24D3E033CD264E4F39CFD471F3AA1A4C6AD7D3B104B053C9273506A1733CD740492BB085364609E15707803DA9A5D06C6A6875BB8DB7776B7F7302F24330900E3D81E3FB5136BB8A2B046367B276C7C299DE3BE7CD2668836485132A03AB7070738F7A6152C3507C49270CC07F10F03DBBD4B5B291FFD9,'9ae50270-e952-11d9-a3b9-e6f57f000001');
INSERT INTO `jacob_document` (`columnname`,`docsize`,`docname`,`tablename`,`doccontent`,`id`) VALUES 
 ('data',5860,'21637_32456_134_88_daimlerchryslercard_134.gif','documents',0x47494638396186005800D523008890B8F7FAFC0D216DC9CEDFF1A518D5D8E5BD6C087985B5576CAA38488B6979AF8E98C2A3A7C69A9FC12F3E8469709B415396B5B9D4C1C4D5515378B9BBC8DEE1EAA3B3DB5B6492AEB1CA4A60A2A6ACCEB3BEE1FFCEA8E8EBEFD6DDCD3F3E5F94A5D325357B253579FFFFFF00000000000000000000000000000000000000000000000000000000000000000000000000000000000000000000000000000000000000000000000000000000000000000000000000000000000000000000000021F90401000023002C00000000860058004006FFC0110592281A8FC8A3C3916C3A13CCA7D4189D3EAB56271342E47ABD17CC68F41088CEE8B3E032C05C0E9A8420249AD70566BC888E0FE1ED7F797F217E000C170B11107A77777A8F82917C7F8E667468748467849798214BA0A150470A6466699895A7AB82758D8C8181AFAB21177E8DAE7E737D7ABAAEAAB1AD9B9DC39FA14B475E19080A07000D0C181103231A0ACD0708A0C49A7BA8C8DD699A0E12010503E8E91B03050BA7DE9F2210D9CC07EB0008DAEFF20A2015E705022AD8E6C9D8316409B82C6BB6209A047615229E938081C1826C074648D080415A040920313438403283030328531A20C092A5CA947B42D03B60E140860CD7F28128A0E05488FF845EFAED1C8060C1C6050E7C3A08312F8485001B24FC0380D324A8070B1634D81AED23489014283068B00000C9B300D21EC8C94C018008231A347BC6A02E030D1CA56DC080B22581952D53063670014182330E20E423628C0B14717BB880020AC1C1B04DE21CDC249240C1450018D07D1DFDB540870A1E1EA60EDBB1E2D8AD0D0050F817F05F85110C48A64D9B552B34B2002C68480BCDEED8685B1F144670E042E2030B1040B870CDF905E5CA1D3CD8EE1CC2836B100C32CD2E22C177E81ACE0DD84852415B670DC38214BD9E828480205707141D967547A912D9360255CBDC64603EEF39034059078CB4DD03700C6788066B5DD34004D125F013784B2D61FF4C27DD30815303184810417317BC7111490D14109B56039C560105114464E38CBDA1B3D5021498B651440390B5000612D516D09147DE76804207C6969B21F82C834006074C2002000F4C30C1030800F0C1760E1CB09D08362DD8C0750708008106ECD8D4E07CEB3DB45F5D114C03E7001FD1A701030F8996279E1574D0413084164AA8061504900E3A059081192A0581988927E2185404040B4157DC45CD4413CD00145E636671AF0177D6A9A7EEB6DB45F77510C0ABE6E0F1D406021C3040202409004007692200AB391DD469E247A654DACDA4C5C4841093F95C83566F5B810080029BDD944F8378ED79110315AC07AA7B73F9C6555D7B926B9C060D4855FF006D472E9A0E4048C68B640712C0571603C5A20222A48FF27B0927FFFE8B1931FC16EC8DC1C80E7CB0C00943CA0D27071D8340BE909A8101007F54704102D46920400212940181564B6A2C800315B802401B3D290012036704B0C8242B3758811C88C68687021DF424020601308047018B08A0400117AB19926500871369C44C54A10C330B0C088587072FAC6F26043BCC891AC1645DA9BE4B791D532AFB68E27431064D968CB57335A0419EEB1639029E756AB0E25A9595BDC9525FC74405316A76B09E05652D000208356580A986DE8082294E1640B4EE3907E422400616D41DE8691B4C0B020288457C29A60C31F09191EB45A0F75A084A990F00234450FF5CB61E792581050DF415985F7F0196D20797244604950A248000080A289601B29F5CCA0C3EEE59604106EF4C9A0114B60E808F748E17E13269E40FE0C1F9147454176CB0ED962EA3B58D70716F659965665DBCFBEE12F080B964C00738695EC08E05304A6182205A6B9AF198A3813E992836CC201F694E939FB078A0031EA0406CD4B73E00DDA8032358003650A520680DE0001828C00436D0800F4CC0851130DC0744E0A2095C6086517019C6A884C3085C60731870A10B1F200705106F328A698E063A40012DCDB02813708602BC973E00D40D69E9DB92581AF080F7F54802131040039AD8C5314AA03FF26197800884A0365EE38D0AB8CB70EEE52CB42CFF485CC6B98B341AA0180900C03207DBC28874F715F8B14B5E886C97390670A3463AB291326A644002D0A7F5346A20596802218A20022C3CA6089601CAF69417AEADA80F1A78591FFD1AB22912CDAD4EB0149689C85723D3FC2A4DEC30DAA02050003C04A05B0168C02E36F02B1FA5E33E143B9BC2D61045EAC8E3891FF8D80F1360252E28E0010EC88A337EF380B430E30110B86604CC929B0BD4890200F04E02B4C28005F1A9390B28575D18C496C580C0552FC9A73EF789120E44E48E6511C30FFBE5307F2171726DAC8782EED8BE6C386E6A6E919B5D46720009042B020588C01BE1C33E52652B8F207D0D3DDD9350046D948467514003463050655EC65FFFA9A094A41826B6A6B1AD6905DC5AB2E0B1B080F134265CB3A927A0E6A10B24B362B220A8D718C6B5B1A541166AEBE9BE20E3540202B55F6B3356DB8E01CA071C150D16C3D81C0AF0C30354C00C6C48D3013A50860704E08719A8C0221C80AE708660480F90801C0A80B1D291E86303F8610430B0A63049403B6B3940028886B232DC95B0C973D905287001A00E70A95003E5E9B8909132E84B0D21705D7906F0001134800E12E849C88C76250908402427EB4062DC020011282004CF104105DA1A003F64A001093880D0443080458845007255DA22442880DC0880AC6152800644B0B1074480B8B58D6A4D0991592340143E627840560D2653980695808183FF477AD5D6B502BAD7A7C9C2E9C0B6EAB6D365EA197393D3BAE2720DAB00D2802EDD03D6628A8A8F2D8091B519C00232500781FD0D0AD19B9C498C7506C58CAC00A3031C41B94654FBD603BFD3F0DC3FD67397BBA1EB54C9FBC4A4541C8E4C80B26B7BD84007ACB7810DD0D8C620580BF60EC8947A58600322B600022C41080474CE46EA0181E300C95DD3793875749348EB2C428FCD648422B28C403BCFD2374E7CE0CB600EB310BF1C93CD0D8079070081E2A233A59F902E0D89B99481A865AB0D806003B71D060400A0AE34396079EDC88A860E2267E690484EB4311195DD63AD66C1B14B1A9123476009122D9BE500BE5B49FF8017BCFF65823936F1CCB4FFB4C19CCA8863330AF14703B2D92D06DC427B1BE852001837800DD8247C4C118D04C1D21FD7B42F36AAA2A856F2DB280CB0935C78C9DD4334A0BFBFF0AF7F2899C061CAF3504C298421CD2372F490E1B8851888C9C7E2F65C0C53152AF169D71488111329B01AD6AC8F7D6999CD216F33CE4B73D42E78D98B4A82F7EC974CC03D90FB896400E737F6166F33A3F8AF7A8B21A265DC7903D3C01303EC23C101BC2A3512C860452ED886F4AD6F2C148864444048A15589AB7E000001B3F3D96F952C0127D960DA7B714AF3AF3D4CC0D7E6D39439950F9C9C118D14078B69CE27A80C9AF18CADE9082321C9DF54995C2BF194C0070E40592E06978B077021659523FF8F0694279C174A93081EF081C318CDB1026826D90580800F10BAB40EB846149BB8002B7533010098C0560EF027FB50409A67FA40030B4001269CE902BBCD9215815EA243EE77498D1EA1AA788315614A602CE7C08B042E3081188EB1007EACCC4F78649416B21D63DAC14037B3619644100F53CC48CF8CB64396B995E8211D0000E2314001E59806486DB84FDE198095BC5B110009E8513B2B10C403A7EFF99E4BD2806457D2848AEA195A616847F3986C0C0C273C7C1F48CD238C93447C2596FA15F18D128924C7B3FFFDEC67C708206F20EA37AB2DE0F2CC59B272E98BF4C610EF763B5A56518AB00709C14095F42EED023FEED2800E6851A76128126828FFF744498BD2288AF5058AF119ED342DF5B767D3627CBA771D22D02569A1776E5182CC91776B90160CE0167C734D29B21DD30121C2F52024711D1092228840566FA01C62421D0F514BAFE22AEDB044E6B00001B100AF323A56F42AEDF014012028BF442FC7D428A5455F44B5855C2848CBB04D3BD210DE673B24C14E3BA22A7604501D051BDCD700ECE02AB0422B8510003D61710180310910001E633D62544C56F82EF90263A810478761160E700158F26F794725A33012E6061D1DE13A16710D1230122DE2471835860D9408A6A441B7E73A64D11E707452EE51231DC069A8988AA8E84F157072E1E51397C15E7BF00633744D737043F2602554721D71B41DFF658115ED9425FDD525A5A50036D420C45772C4E706DDF4220BF01D00782E77318DA1980188728AAA988DA9E84F7CF57F1A502C2DA635DB153D94417D2354420D3525D6067B6E9147D3422426C2321F362AA4226920051BFF073B53F250F5678EA3882ABBF18DC23481042960F6C58F8EA61BBC6116D4024A51803A9A7286CD701F4A870124850DBC012D6B888FF4C3916AC168D5F6058D567D70215661030CC2E00860C52F79B09248D50AFB500960033694A092AF50604F95542DC908056559BA403B2D455E42E95404F6535A0519E88530D02388EDF55967D35E4D0635B5F0554329360513384D45944205959FD56282F85253258B4E03301DB6045EE559FF4EE91D3AF80B5759738FF2305F234DD31655E7B55358795397759545C970A61305714795AEA0417840227EC01473E01DE19122AEC075D75159E6F11DD6F11D4921000F205B9BA351DE9118CAF198A53576B6E01DF230266AB907DB714D9A996D2E959570D961DE4504A5E0596B633103895C3D0100019014C9570688E70E6E355715509869511EBA22341DF04332030862244CC4250714E00E4423002C54066E38077EF09CB6A5019FB006AE8521D499536319955C350AE59801B4839662135678C04B64921583420E3F740110309DA97532296306C19914D0D18A43237664F206C214020380338395261F4358BB1002019026D61947D979017C1201962053FF0354969B25259D924CC430452662A06FE107AAA30027F2006E90100EA03A6112242F3846C6B64E014A0E6A55011C5159D2601E27940083956BD731003DD14549F300033016CEB0110C300F812500E3A45443E564E5A850C326018E52953505A508E3358320944D196053FA5296D55D4FE6160D915F8C44061FF2530E66A57A7955A9C00D6C63945A9A5EFEA29A04033184D69A10091D0E011136821BCD834000B62F2A465E717932D4C12510D0084BF9520E59A620728086A16196652CACC924D8208688866420C15FCDE05F876A5010466097B039053085453262ABD69D68800C6DF613CE302549612C0A50134B540116D0655B039EF59510700362953A62FF14311255832189950D57735E59F9608F4160BA546B35B6ACCC0A0249A1364BD1199E513946D238FBC0398C741A00817C58A3404EA610D32337AB8364A0A7653C370F7733585BD61EC3CA6390FA62909200DD5263D663018BB3386CA600983119520202D3401BFF903967030147562405606B4420734A0AAE11D540783A11AEC373F507696DF01183151BED61156409380A94101A129708D00176A6160B8038D2D1217ED3495BC00545513991540007F06A21900132761A86F36336461348A185A214AE25F2B026F23A24E54639413B1BE111954665250161FCB44FC4531ED72313A1D30CD4C2040BB001CF6A90D2332555CB3C0E800F3CE6661530109EB11EFFFDB0B3A280ABD3A33AECD02E115B6591F7466D543597971794D6AB97F600CDB6697EA1124F3B0F52C416CD300FCD930609806A19F07044B1001D700EAD3A0C34CB0CBFB42E787613C36A56F1724CBDE66BA4B291E0B24D6C523BA8946C771BB100A04F9CA669C37309875B04CB631321606419420C877B3CCC41146AB20EFC39290E0002E134003FB638B7B63D7FB66BA3D12305A07101B8159347A97D426F1E45BAB2F4A37BCB3F7DFB3F4C73B80FB51824F16736C197A82A1DAFEA16034164987035AFCA29D6D26DB662BC3D623819E71F01F80CCC9B42F1721BBECA7D763B0D7CA13FC2E33FAA6B0013606A4CD16D09AB1924A10D694AA251D0737B5A36FF53C504D3933CD2DA25B767BCBF7779E683469CDB3EB371BFD5702A0D816FC9A66F9BC6B7FE4B18278B1852227ADD4A538941BCA1108B5E29220991666A1671C60B12818271E7D3ABE8C041EC236FB61128F2035068312E1AB0010C50BDD7EB6CD1C60C13A6B21CBB5EB168808E01C13145966A6B0FA0171266B1C345971F19C471A1AABC1D2472465C72D0C27F1C953F276CBD83F101496418C4AA4C70E9A60AF32F8264C10FA16866312508B0C3B88771198741144012F6C1417CE24820F42426C73EF5232D4DAB4F6E27C166111E3E397EC42A54A7AAB66FD13A426B526EF1735F1174602115183400F2C1CA9B5B111E24118FEC746AC83EDE736095437CFF07D626202A4588B8006EC681DD44155882887FA47BCE60CC0F7008C780888A15BB5592572904840C5014CD802EE27A460F811D24021A1605B313401C05F01A7CF2CA1645AEF87B8E0AC9503072011CF1010FEA221F30248D3B7512104F7878B87CB643591719606434A23601DB231338140ACCF10108C02616E7011F70B61190251A605DD7643961415AE916323EEACA6C52015B12001D6108AEDC6BEAD27ED39720EBEC3E1AC07941B4013F04846C52066B256DCAD1379A61010C7075D184007F57827DA52679875B56D2C72A47175917C30DD245BD074610E2A332C27B21F30C0EFA011730120CE022945900643724531DD262B1746A347F121679699816FF3521023E04660F3037F0D94037F465586112339B2564F6132FC4046D5D7610306687CB1CD170D7D481D64D04660750845BF2411CFD6594595BD194000CC02B09C00E5EF26536FAC5209148B7F13DD547B475E43E6B48C29376B1CF8C0018121E5A08317B2D5C16EB7DA4BBAB86BD7EF7FB480162B0450C7FD2471525358A39A14A64911B25242EF5482EADC1470930370CF6A811D625F9352C7F62245744DBB6F42BD01DDDD23DDD53C80EA281810792D9720B837311AC00498FDCA76545915A7C0C7BDEEC8049222F6D8B486D8B0E54D88FF01DDFF2BD3DEA762718C824373117F8D020987D2DC4471CDD246A28D4452884089A822EF80C1A1530A4A86314FF0CB8DE0BE8801728E18022287DC0C9184E08B2E22AEE8281E5A818D3A27F3A862023034E0D60433C9839DB4125CAF15B534712CA31435D546FB48572EE93152AB51664118619D922CA010D50D720E8608A1DB08F0104376DE16820D916060232AE928097F4905EC02539910D1A881337145C37C4799A2177579225338BE52713372188259317AC14B24D50D245CFC01BD350162FA22DEF1343CFFD2AD89328081002631B023DA3197765E71F0387506838573802B7D585AC89100E890C6EE3051FC63E79D1819D3B793DFEDBC0ED7D91184B881228BF020202A06402A02802C0848B10B253F8679EAE017E08E5E098E1281B0A2C16EB72FA900B411763D17AFFC976796B713FA5C27FF676D219A991CCFB86BF722B27F32A9FD00E89820715309978C084B0624C85049867AA534F690C3DCB105C111B24050078712178224271732EDE7786A20847DF0DA2A10ADDE75084C43485F66A71C0F42A31F22B81120DDF0E17B059A69840993FB4063764252FF43161A425C8A0009525265F5225DB2442419816E3245D796714959801CA0102C43776CFD84513C59043EB68198001AED269955CF206C001A7612659F18A3005546AF2065AF21DD1B4761C2302163F0153721188407669F106300873CD9101BCBD275384256742155A4176718425C2B527D9924A189B1309E00F0140F226DFB4285F0100E5ED5F258BDE0009E65B05FFE1F3981C23265BA27BFF069287114EA2362DDEC17718E2438798256FE00CC8A8BF9286177C761A5348DD7E1FDD365B01D0C17FF8B2EF9EFC964375902675D2BE71EB8C16D60D9B2D66812895AD5192C73EFA2B4FF8E66B2385DB2745CB19693FFCF78D689953574C36523E9226CD1BF8E8810A8150763A512411432692519FAB7DF5F8F4213551A6A28FD587EE28752AF8F24334E793C68FEDB86A7FEFB12A92ECFADD662DCE904714251575823415C2516CE8D99ABFFB633152998D7FC1EF1963905A3C58FEE67FFE33589A92D7BCECD47D1EA12DA882915DA1E97213110F510195D8FE991E4BFC0F0411E190588C68188D050070703E0F80C594DA288C460141003B,'adacfab0-e93a-11d9-a3b9-e6f57f000001'),
 ('data',5838,'img_logo_dc.jpg','documents',0xFFD8FFE000104A46494600010200006400640000FFEC00114475636B7900010004000000320000FFEE000E41646F62650064C000000001FFDB008400080606060606080606080C0807080C0E0A08080A0E100D0D0E0D0D10110C0E0D0D0E0C110F12131413120F18181A1A181823222222232727272727272727272701090808090A090B09090B0E0B0D0B0E110E0E0E0E11130D0D0E0D0D1318110F0F0F0F1118161714141417161A1A18181A1A212120212127272727272727272727FFC0001108004502FE03012200021101031101FFC40098000003000301010000000000000000000000010203040605070100030101010100000000000000000000000102030405061000010302040502050301050900000000010002031104519112052131E1520622134161713214C1420781D192232415A1B18233538325357511000202000502050402020300000000000001110221315112034113618191225271A132044214F0D1B1C105FFDA000C03010002110311003F00F9BBDCED4EF51E67E2A0B9DDC73591E3D4EFA95042FA483CD4C82E7771CD22E7771CD510910A60B4C9D4FEE39A9D4FEE39AA212A2505264EA7F71CD2D4FEE39AAA2544A0722D4FEE39A5A9FDC734E8951281C86A7F71CD2D4FEE39A74451103916A7F71CD1A9FDC73451144A024353BB8E68D4FEE39A7445110122D4FEE39A353FB8E69D114440E4353FB8E68D4FEE39A7445110122D4FEE39A353FB8E69D114440A45A9FDC7346A7F71CD3A2744E0249D4FEE39A61CFEE39A7440088091873BB8E6A839DDC734805402704B630E7771CD502EC4E6A405402A4886C609C4E698AE2734054152488767A850E2734F4FCCE6984C2A555A10EF6D49F6FE67347B5F339AC8855B2BA19F76FA98BD9F99CD2F60F71CD66425DBAE83EF5F530180F71CD49B77771CD6CA12ED5741F7F935354DBBFB8E6A0C32771CD6E95054BE2A975E7BB34CC52771CD496483F71CD6D950543A2355C8D9AA7DCEE39A44BC7EE39ACEE589C14346AAD246B7F71CD1A9FDC7348A49143D6FEE39A35BFB8E6921202B5BFB8E696B7F71CD24200AD6EEE39A35BFB8E6A5039A60668DCFEE39ADA639DDC735AF185B0C5A511872333B5CEEE39AC9A9D89CD6305A3E2156B6F70CD75D212E879DCDB9BC132B53BB8E68D4EEE39A8D6CEE19A3DC6770CD5CD75465B6DF17E85EA7771CD1A9DDC7351EE47DC334BDD8FBC668DD5D57A86CBFC6DE864D4EEE39A353BB8E6B1FBD1778CD0268BBC668DD5D57A876F93E36F466CC65C4F339ADE8B562568453C039C8D1FD42DC65D5A01FF399FDE0A5DABAA1AA5FE2FD0DB0E76250E7B87C4E6B07E65A7FD767F78287DE5AD384CCCC2895AA1AA5FE2FD089E670AF139AF2E7B935A54E6B3DC5CC4EAE9783F42BCE91C1C782CAF7D0ECE1E2EAD32FDE71F89CD531EE2799CD610B3C4DA950B136B4246EC1AB139ADB6934E656085B40B616F5581E6F35A5B1EA762522E75399CD0A5E782A3252D98257BB96A39AC0E7BBB8E6AA572D724A8983B2946D2C4C85EE03EE39AC5ADDDC734B8A14B726F5501ADFDC734B5BFB8E6852A4B41ADFDC7341964A535BA9854A454952D1480BDFDC735B5B75ABEF6E0445C4347171056A15D26C36E21B67DCBC50BB91F9057C54DD749E4B16727FE87EC3E1FD7B5AAE2D6F6D7EACF32FAC196F70D86395C7E2E24F25A97634346976456CDDCDEF5C49213CCF0FA2D0B8754803E0AB936A5684B133FD4B735ADC6AF776DAA5C9875BFB8E6B66D9FA1AE739F424D054E0B54A45615B6D73127A3C94DF5DADC279C1B17520A80C3C79920AC31D5EED2E9340A732528A3F71E198F35323435E5AD3500D2A9372F734A2721D542EDAB394B3117BBB8E6B3C85F6AD7424EA7CCC638935AB2BEAA2C0C63A47B636FDCE21A3FAAC936A81D35B12D90EA01D20E3F6FC012B36B0CA714689FBA26306373DF24E1B77218C0147380AD052A380585AE751DEA34A7EA132D688B53C3C48E356123D25BC89AFD54B7ED7FD3F50A9BC67C67C4497B63088888F6FA1EABC7A9DF52A28B2BC7A9DF52A28BA60E44C821490B2109512829331D14D164A25453052663A2545928951282A48A2545928951281C9144A8B25114440E4C7445164A228880DC63A274574451101B88A274574451101B88A228AE89D1101B8C744E8AE88A220371144515D114440498E89D15D114440A4544C04E89D13825B151551144E8A9225B00984269A443630A8249856886342135464C4842100084210302A4AA5254B2AA4158CAC854159B37A98DCB139652B1B966CDAA6272954E52A0D5021084801084200108426015455084002108400D09268004D24D3102109A00134934C434D24C209184C241504C4CA685B90378AD560E2B7E0002BAA39F9AD08DB8C502B50D2004F505BA3CEB26D94B14868151785825784363E3A3935E43C56254E3C54ACD9DF5508124D0D00915E490DB84DE86C47665ED0E26955525A47144E7926A39056272451B4002D7B895CE1A495BDAB4AD6613C0F3E97FD8E4E5557675532D2C211AA522A8A92B999EA227915BEEDE2E041F8EC018CA69E038D168E973BED04A458ED41A450942B5ABF8E1247270F0F2BAF76AADB7149F4134191E013CF9A7711B23706B79FC55491BA0A10EF51C1607124D49A9C4A4F04EAD7BA732EBEEB2BD6DEC8782EACDBDAAD85D5EC6C70AB1BEB78F8502DCDE9F1B5EE646D6B4368C000038FC579B6F7971685C6DDDA0BC509A02683EAB1CD7124E6B21A9E67EAB0AD5F7ADC96782A6DAAF179B66F7734AD17CB759F82C90E07B236BDC4FA88A342C4030B5EE7BA8E1F60C492A4A71BCC6F6C8007169A80EE23FAAB9C12D05B61B6A65C7DBA195CC64768D739A3DC95D56BABC431BC397CCAD654E71712E771254A9652519F57237C8F786B5EE2E0C14603F01804DBF6BFE9FA8509B793BE9FA848707B2FFB9DF52A68ADFF0073BEA54AEE83CD56268B359C76925CC6CBF99F6F6CEAFB93451899EDE06948DD2441DC695F50FD163A25452D7914AC761BEF87F8EEC177159DEEFF0039927819731BD9B7D59A24AE8D47F2B50E5DABC6DE7C6AE36BB58374B79E3DC368BA7165BEE16FA83758E262958F01D1C94E3A5DFD17BFFCA1FF00BADB7FF9769FEE7ACBE12C17DE27E63B75CF1B68ED197B16AE4C9A10F7B48C0BB401FD172D6D75C54E5767698DC9A5FC9C6106EF6BBDA894671E589F3FA228BE83E03B46D9796B756BB9D05C790366DB76B73B931F031B72F94FFDCF680F9D42E6FC7BDEB1F25B3B49E18CB9D751DA5DDBDC451CCD2D74AD6491B992B5E3E55E6B4EE26EE92C68A7EBFE642871573F91E0D12A2ED7C82E26679E4D69670DBC31DADEBAD2D2065B42D89AC73FDAD2636C7A5DC0FEE04AF47F916C6C2FEDB6FF0022D96D23B685F3DC6D7736F6EC0C689ADE57FB274B00F5491F1C92EE63C69A8EE2999CBAC31C61687F8B3E7344517D47C861B4DBFC08DAEDF6F6EDBADB3706ED57F742389F2C84DB7BD707DC7B4BC7F98716B687905E5EC379247E03BF5C08ADDD3D94D691DACEFB785F231B33C89007BD849AD3E3CBE0A572CD772AFF00255CF5709FDC710E27A4FA1C151145D4781CEE8FCA76DB631C52C177711C17114F1472B5CC73A847F8AD7539F30BDEDD9BE496127904FB86CF18D92333DBC667B38EDA8267BA0B792D661035C5CC2E6BB81E202AB5F6DF642C9352E265C402535DD2FD0F9CD13A2FA16C73DEC9E05B8CF696D0CF7D67796F0DB482D2196511BC12F6F189C5DFD6AB4BCEAC6D2DADB62B875AC561BD5DDABA4DDACA16089AD21C0432185BC23748DA92D007D125C937D8D7F275C1CE4A7D01AF6EE9E93FF479161E2B713ED837BDCAEA1DAB6B7BCC705C5CEB2E99C398822898F7BE9F134A7CD676F887E56DF7DBAED7BADADEDA6DF1196E437DD8E66F1A341865634FAB10485EEFF2D7F96DFACB6583D165B5D8C30DB4439006A5CEFA9A0AFD1715657F77B7FE47E249A05D42FB69C5010E8A4FB9A6BF44A9BEF45C8AD1BB14A30DBFEE02CEB5B3AB53184F89A744517D16E5BB96E5FC7BB6CB6562DB8BA9AEA782EA5B6B38DD298A3034073A28B50E3F1E652A6E3B77F1CDC4B7B62CB6BC66E11DAC32CF671B26FC7743A8B43A48B51F50FBB9FCD3EEF829DFB227C62423C5FE3391F3BA228BE93B6CF7D27F1B9BFB2B4866DCADF746D9C52B6CE0964FC76C0C70638189DABD479BAA569795BA2F1DDD769BDB4B4B6B4DD65B38A5DDF6D1146F8192B8D74BA17873632F68E2D14A2172CD9D76E32D2C7E3AF80350A67084F2D4E0E89517D6377B1B67EEDB7F9E5B45133C64D98BB7C0C861D2C923A44EB12DD1A4BA595C1B522BC5C47DABCDF19B6BAF21DBF7DDD36DB5B3B9F261245F8D6CF8A00D8EDC83EE3EDADE4688B5721523FDA78CF7D6DDD1094278FE366E21FD3A8F6B989FA78AD4F9CD13A2E9FC8372BC6C7B75B5F6D6CDB77AB09677DCCA2D6383DF6BFDAF69EF8C31AD716FB6E1F6E93CFE257ABFC97208E4D8EDA18A18629F6AB5BD99B0C31445D3C8656BDE5D1B1A7881CB92B577345B7F29EBF1FF00628C1B9CA3EE70685F43F1776E57DE13BD7E0594779B858CB68CB2F6ECE29E66B2471F7053DA7B9DC07C6ABC5F21BCDE2C5BB543BB58C369BAC0D7DD32516F144F745390D647736FECB5BA98627115F83925CADD9D614A719E394CC03AE09CBC54E472E9AFB26E36B733F97ECFB745B45ACFB2DDD95BCBB9B4D9C2D89AD78719E6F7DB1B4C6E68E228E1C68BE45BAB2CE1DD2FA1DB9FEE5947712B2D24AD7542D7911BABF36D11C5CDBFA4609E73985B8E3AF5830542750B0D4A45C56BB89ED9B1A827A82D5D452D451DC1767C4DBD611ADAB4F5148B8A3BAC3FAEB5377DC6A3DC6AD1D452D451DD63FEBAD4DEF75A8F75AB43514B514BBAC7FD7AEA6F995AA4CAD5A3A8A2A527CACA5FAF546E195AA0CAD5AB529554BBB2D71246C1902C65E163494BB14AA9144A942122810849201A48420013490980D084200108420013493400269269881349340861084D310054904D310D504826992CB69A2D964B45AA1502A9333B553CCDCFC84BDF2B5AA53552CCFB5533FBC549792B1A6890D890210840C124D081854E2A4A691431A4892A4AA291525236E10D8E224F35A664A4A5F4AE08739C79925632AAFC92AA9285533E2E0DAEF6B3DCEF9FD341CB2194D4AC455152564DB6E59D154AA924A12115255152549622AE185D3C823690381249E400E24A8286BDCC0E0D34D434BA9860961388398718324D2BC388C524D248A126DE4EFA7EA124DBFBBE9FA8480F6DFF0073BEA54AA7FDCEFA952BD083C990596D2D64BDB865B44E8DAF7D68E9A58E08C50177AA49DCC63797C4AC4849AD0699F47F39DA63DF373B1B8DBF76DAA48A2B1B7B695EEDC2D9BA648F507707495238FC179C2E6CB66D8EE7C5362BB8F70DDB797B06E57CC708ADA38A205CDB78A59CC61D5E3A9E682868B8842C2BFAED56B476955C528EAB29357CD2DD9286F3C7D60EDF71DD1DB15FED361B75AEDF7BFE9D1C22C2FF00DDF743A62EF765903E0B80C68FC873A9ABE1CD6FEFDB759DC79BD8F906DB7963F85773DADE5E8FCDB5FF002D2EA6BA76C9FE2E2D2EA8E64F05F39491FD7C5356C76B4DC67BBCC7DECD3584A6BC20EFAE2CA29BF920EE6EBCB23B6FFA88BDFCAFCCB6F69D136412D357BBF71029A79AAF11DEAD76BB4DF76DDF7DB93F1CB378B20D7B258CDEC0E6B98D6BE22F63BDC2E68343C815F3F424FF005E6BB6CF08AAC143F68D734394BAB7EA775B5B0DEF826F16771796ADBDBABC82F2D219EF2DE396520E998E89246B9A69C7D54AFC146C16CC93C1B7DB23796515D5FCD68FB4B79EF2DA17BC42F264AB6595BA680FEEA5571084DF03F745A26EAF97C630FB07772C32ABAE7A9DB78EECB69B56FBE3F7536E565EFC739BADC5DF9B6A6186163DA2366B6C9474868E2435C7811F35373B548FDCB7F9A7DDACE0DA2E9D7372F10DF5A4AFB8F6DCF9EDE38E28E57BF539FA69E9E1C7E8B8B423B369DDBB16A32F19C03BAA236F59CFC8FA078F497BB6F855F36C770B7B4DD66BCB6BBB4885E5BC733A360AB8E83283FF000BB9E0B53CA22B1F2B8DBE59B4CB045792C7FF009ADB649591491CD1B7D5342D95CDD6C781FB78D7E64AE29085C1177756F737397479A7E80F966BB6308D7EE7D0B7C81BFC836361BD6D3346FDF6D6DD969BA6DB248C8E5798EA45C43EE168783535A1C179106C6CF1CB0BEBFF00236402EA6B692DB6CDB5CE64B319661EDFE4B98C2EF6C44D25C0BA875528B9442170BAAD8ADEC9CA3DD1A4E9E40F9137B9AF76B387D60EEB7086683C036EB28AEEDC5E5A5DCF71756D15DC0E95914800638B2394B8D701C510432CFF00C77716325DDBBAFA6DC23BD8AD64BB83DE36ED87497E87C9A871F873F92E1524BB2E2372FCF7E5E3303EE6397F1DB99F48D92FAF365F00A6DF7F6D06EEDDD1BB9476A2EE012BAD8411FDF1FBA1C412DE2C3C7E4BC9F2BB5DBF7F71F2BD8E68182E9865DD36D9268E39ADEE00FF0010B192398E918FA5416D6A725C6A125C1B6CEE9E2DB6F0E8FA31BE495B5AC23FE3A9DF5CC247F1943B51BAB637D16E4EBE7D98BBB774ADB6103FD7A04B5FB8FDBCFE4BC2DA76765DED0DDC36FDC21B4DEA2BB7471412DCB2D9EF8BDB610E89F2398039AE279B856AB9D426B8DA4D2B67676CB5E83DE9C61928CCEF3CA7739AFF00C7767D9776BD8370F2186E2473E76CD14821B770D0D8A7BA6BBDB2E2EE27D6694F515B5E63B5C7BF6E1B0B6D374DB0416FB65A595DDC3B70B40D8A48DD27B956FBDA9DA43BF68355F384942E18DBB6D1B773CB0F77815DC9995331D743E85656366CF14F26DB6CEFECC7E6DE40EDAE2B8BEB464B24104AEF53F5491869D343EA0DAFC02F0373DA27365B5B27DC6DAEF7390C96F15B43776D2C76F6D080F67BB2C6F2C6973A4769ABF905CDA49AE369B7BB37397840F726A23A467E67D8F79F27B4B1DE2DADEF2EE1BFF16DC36D836CDCE3B6B98AE0452D1F59591C2F796B99DDA788F9D17CC77ED89DB2DC111DD5BDED9C8E77E25D5BCD149EE3050873991BDCF61A1E21C0715E4A4A78F87B793E90F0CE327F529DF766BE8248A692D010924D24862292654A9290249A4818924D248624269240242108189084200124D24801084206084210008421310D0842001084200134210009A1098869A49A621A6125410204C21500992C0261002A0A896013080A804C96013426992D82684D31021084C4092692010922A94A45211525515254B29125415654952CB4415255148A92912A4AA2A4A4508A45329148624A8A80AAC8D8EAA5B829230D10DE4EFA7EA16731A80DE2E1F2FD429DC383D8769D4EE2799F8754BD389CBAA10BD33C517A71397547A7139754212187A7139754BD389CBAA108187A71397547A7139754212187A71397547A7139754210317A71397547A713975421001E9C4E5D51E9C4E5D5084007A71397547A7139754212187A71397547A713975421030F4E272EA8F4E272EA84243151B89CBAA3D389CBAA1090D0BD389CBAA28DC4E5D50848A42A37139754BD389CBAA1091485E9C4E5D52F4E272EA84292D0A8DC4E5D52A37139754212290A8DC4E5D52F4E272EA8424342A37139754A8DC4E5D50848A151989CBAA5466272EA84243151989CBAA546E272EA842430A33139754A8DC4E5D5084862A33139754A8CC4E5D50840C28CC4E5D52A3313975421200A33139754A8CC4E5D50840051989CBAA28CC4E5D50840051989CBAA28CC4E5D50840C28CC4E5D51466272EA8420028CC4E5D51466272EA8420028CC4E5D51466272EA842621811FC5CEC87F6AA021EE7643FB5084D09F98E9062EC87F6A088BE04E5D508409798A8CC4E5D53A3313975421030A33139754E8CC4E5D508408A01989CBAA7466272EA8426494033139754E8CC4E5D5085426551989CBAA60331397542132195466272EA980CC4E5D5084C963A33139754E8CC4E5D508544B1D1B89CBAA28DC4E5D5084087466272EA8A3313975421300A33139754A8DC4E5D5084805466272EA910CC4E5D50848A4490CC4E5D549D389CBAA10A5968921989CBAA921989CBAA109329124331397552433139754214B29124331397548866272EA842928921989CBAA5466272EA842432D823AF1272EAB6D822A73397542165C9E66940708A9CCE5D561023D6789A530F98F9A10A164F3C8A79A3FFFD9,'b49f2920-e952-11d9-a3b9-e6f57f000001');
INSERT INTO `jacob_document` (`columnname`,`docsize`,`docname`,`tablename`,`doccontent`,`id`) VALUES 
 ('data',2977,'212992_332453_100_66_impactonamerica_schrempp_speech.jpg','documents',0xFFD8FFE000104A46494600010101004800480000FFEC00114475636B79000100040000003C0000FFDB004300080606070605080707070909080A0C140D0C0B0B0C1912130F141D1A1F1E1D1A1C1C20242E2720222C231C1C2837292C30313434341F27393D38323C2E333432FFDB0043010909090C0B0C180D0D1832211C213232323232323232323232323232323232323232323232323232323232323232323232323232323232323232323232323232FFC00011080043006403012200021101031101FFC4001C0000020203010100000000000000000000050600070304080201FFC4003910000201030302040403070207000000000102030405110012210631132241610714517132819115164252A1B1C123D12434627274B2F0FFC400190100030101010000000000000000000000000102030405FFC4002411000202010401040300000000000000000001021121031231415104131422324291FFDA000C03010002110311003F00A42DE8C6DF722B1873E1A67232546F1C8F7E07E44EB2DC26B73DB6DF152D1C9155C68DF35319772CA49F2E17F87038F7D1AFDDCAEB5D24C2AE95A33505228F69562C7772060FD343AA2CB5D1D4B43F2A43A920A820F6EFF7D3714BB0B01F9B18C9C6738D7CC1F7D177B5D72315F07CC06701949C7E475A852600F078D2C794166A6D24E393EDAF6B148C70AA49D668A095E5DCB1B1C1E481A25414AF2556C7565057B91A579A0EAC19F2D3B1194C01C73ACCD4C54AED2718E738D3A52F4BC13901E69BBFA00347E93E1F5B6A00DCF56C7D9C0FF1A6F6AE4565754D55550465525DA0F7C1C6BDB4F3488C3C4009EF8CF3AB769BE17590732C350E3DEA08FEC35EE0E88E917AD9E8E2A4696A29F1E2A99A43B73E9DFBF6FD751EFE9AF214CA364A66C9CB83F96B09831FC47F4D5F73746F4D53490A4969890CEC562326FC391E8327D8FDF1AF87A4AC519F2D9E8BF38C1FEFA7EFE9F481A6B9283F0D7F9B535D089D3368DA316AA2C7FE3AFF00B6A697C88780C823AFAC8F4B69A77669118CA3684239500B39FA820271EE46B4EA288C6F1036F8E0D884C7031DDB17BA866FE6DA4679E33AD9B9F500EB4B3C95D4F04B4B0533B538F17B9676CB376F48D1B23EA74D147678A86862A7E5DA70924F2CA72D2395193CFF00F0D62E539A4E4A99D7AB08287D58B769BAC96AB3D6D3525B2804B348596A6A200ED191C76EC40C1EFF007D01EA6A0816CD15653C11B4D257BC68703322786AD80A38EEC4E7E9A65BDC7051B87A466DE8ACBE142386E382E0673CFB73A017490DC3A369555D49FDA531675CE3CB1A1181FE3D39D73CA5F7A5D7F0E6625DA20F14CC54EE01BBE319D16A4800A94DEB9191FDF5B569B6AC52CED4E8E617285436327839FB027B68F5B2CD154D4C865648C46A18788C42E7200CE35D119AFC8D74E0F52A11E5842DF491175209C674DF6B34E95B1D0057F1DE1330F2F1B41C77FAE74069E2B6D249278D591E62DBBC212C39FE5F5234BFD5DD47143717A2B5544D13CB4C90C930523084B33053DF9040E3DF4A772E087A6E33717D0DDD4BD716FB3A351DB9E2AEB9B1D8A88772447EAE47071FCA3F3C691A9FAAAEF6CA6A9AA59A19ABE7A8DD299533BD76800E38C76F4FA6BC7485AA82B6E90D3B4B4F4E9F2EEE65A95180C3D392353A829A9E929EB983D04BE09DA829E56DCF962A30B923D33A22A117B1F25EDA561C8BA8AAEB7A796F15114465A12DE23ECF23CB8011179E33B81F61BB5B14DD7D636819ABD65A4954676043206FFB48FF0038D229BD187A6DED6AAC2392A96A98E380047B40FD7416D904979B8D2D2C8EB17CCCBE1212393B9B191AD9E9452664E4E4D597D59ABE0BC5B23AE8A378A2972516500315F4240ED9EFF6D4D678ADB0541922475823A46F968D6263F8100037647071C71C71A9AF3D6BC1E5B3A5FA72BF92DF2515BCD9A40D1C50D75419FCDBBC28FC439E7D7859BF5D31493CF5B40B5D353CF4D2B83BA238246338C0FA631A09515324D25C2DACB20945CE515F2BB024A87EE0FD368231DF2C744EBAFB3AD8A29E1B75353D74A8407A92DE123823BB06F552580E3B635A4DEE4AB25CF4E3382BE17804D6D14B3D53C52110CA63F104ADF8BD300FE5FA6B4ABAD253A4E96955D444B592C8E179DA0C6BC7F4D3BD45750FCB455095348D1320240F332B6395233C1CFA697AFF005D48D65431BC64BCC76A4676EE3B57EA758E9BB93B5473B842384EC5CE8B837D4573738C8C0E71F88FA68F5C08A2929DBB09274888DB90DB8F620FA6946D37AFD996FB92189E92A9A25F0392496DC727B718CE8F43755BED0DBA70CAB2FCCAB489E80A6738CFA76FD75DB2A5108BDAED1AF60B7D75FAA2B6B0A3AD3D3A6EA8990676B118450BF5638181E9AFB05968ABEF9143573D6415AD1173BE0DA80264310DF41B5BEF8D3DF41C753496B929619E3AC82A633385DA0056EF9240CB01C0C1ED8D6DDF2D36EB65DED1253504F53515104B05578582F0ABA85623F971B8F1E839C6352ADAB6F06F08EECAAB625D550F40B4110A9EA64AC432056F0508318209DF9231C6077D23D7DAADE956B1DB2E947591960ABB0E1FD70481FA675695E7E1474BC35D49F206E6DE3D42C52E2AA28D1576B7E1057FE9FB77FAE80C9D0169B2D453CF0B5724A6675688CC92E5046CC08C2F192BC6B554B3673E64EA8ADEA6E12DB2B6AE86782390C64C2E245C94607BA9F439D1EE87AAA5FDE4A49CC52D5BB4A91A971831124799476C8FEC4E81F59C5B7AC2FB91CAD6B8FB9DC73FDB467E15509AFEB2A6803ECD81AA33EE8338FCF56EF632162582F35AFB5C124DB5C2B492177CBF763DFD7DB5358EB7A3A6798494D52511C6E2AEAAC4124E79CEA6BC6F86CEFF00908E7E3D66F14B7044A7F1A9AAEA5A626691BC420B6704E4FF00BFBEAC9E984A0EAAB54F3457330AC6865142182849086531907B8385E4E47231DB5490A49449B641B39C1DDC6B3D1D6565AEA9A6A1A8921915705A33824773F96BD8708D5238E3A928DABC32DDBAD8ED105352DBE4BA7C8DC6BE312D3539A8C84A863F81C8CE13278278D2DF51D9EE9D391D3ADD27B69F149548E9260EEE80E4938031F4C9E738D62E8BB3C5D45F3F77BA87AA8E8409E52F2ED0DDCF98F7380BD86B4EE35D0F57DE1EB161F015504691F8858ED049C9CFD73A8715CB2693C06FA5BA0E3EAFA5AAADA2BBAA4C8DE1BD3CB011B720F24863BBD8FB73A6BB974347D2764AEAF9ABD62A38F69894972558E415181CE49181EDCE80FC3FA59A1BCD6DBA966FF5DE059154B95F283CF6FB8D6BFC40BED3BD1CB6735EB55551CEBBD10BB2A15CE7CC782476E3438EF5434D4464E9FF0089967A5AA495619A9E083280041B9D5D76F61C0F31CFF5F6D19EA9F88570A5B8DAEA69EC0D2025E749626DDBD0E00CE071C60FF4D73FC0A5D9A232C49E295059C9C2E0E79C0D16BAF58DEEE51454325CE614B4EA230B148407C7192477D3D8C149169D4FC42BB5F4518367F97DB521C24B5D86242B70548E01CF7FF7D7CA1BC5E2EFD776EB7DCA8FC0F0D5E679038957C331B1EEBC1201CE33C6917A2BABAEF4D7EB6DB9EE524B48D3831A4EDB95242ACAA727B0F373AB77FE3E0B9DAE921ACA69774B3488C101018C6DBB383DB9E3DB8F4D3A0B2ADB874FFEDEF8AF70B3A9C3D4DC66DCE79CE03B0E3D338D6BFC2E8A48BAB2592386A2668A8E52D1D3A6F7EE1781EB8DDA5EEA8BD5554F57D7D6432BD3BC750CA8D1128D95F2EEE3904E34CDF0766A96EAFA9589C78CD47210CF939F3293ABE88ECB8DBA9AA63869E3FDDEAE7D91283849323D8FFA7DFED91EFA9ADFDD74F5319FB4847F8D4D451ADC4E5A662F6EA466396D8E327D8F1FA698EC2C63966443B5678BC1971FC687BA9F638D4D4D5FEC8CFA1B69512D55FD4549428B0D349D371C8F128F2B36C51BB07D793CFBEAACB4BB2550DAC46A6A693E180526BC5C6CB71170B6564B4B5684AACB11C1C7D3EDEDA0A64794348EC59D89624F727BEA6A688F04CB93C3938EFAC2DF88FDF5353540835D1E4FEFA58F93FF003F0FFEE35D1FF11EAE6B3D25BEB680A43509512057D8ADDD31D8823535349F23E8E5AAF9A4A8B8544F2B6E924959DDB18C9249275667C0D453D437690A82C943E527D3CEBA9A9A6F8009F52758DFE8AEBE0D35C0C71F86A768893BFE9A9A9A9A919FFFD9,'c1b9e220-e93a-11d9-a3b9-e6f57f000001');
/*!40000 ALTER TABLE `jacob_document` ENABLE KEYS */;


--
-- Table structure for table `missoncontrol`.`jacob_ids`
--

DROP TABLE IF EXISTS `jacob_ids`;
CREATE TABLE `jacob_ids` (
  `nextid` bigint(20) NOT NULL default '0',
  `tablename` varchar(250) NOT NULL default '',
  PRIMARY KEY  (`tablename`)
) ENGINE=InnoDB DEFAULT CHARSET=latin1;

--
-- Dumping data for table `missoncontrol`.`jacob_ids`
--

/*!40000 ALTER TABLE `jacob_ids` DISABLE KEYS */;
INSERT INTO `jacob_ids` (`nextid`,`tablename`) VALUES 
 (3,'building'),
 (5,'businessunit'),
 (4,'bu_country'),
 (7,'call'),
 (3,'country'),
 (6,'documents'),
 (2,'group'),
 (3,'location'),
 (7,'main_supplier'),
 (3,'manufacturingarea'),
 (9,'organization'),
 (4,'person'),
 (3,'plant'),
 (4,'productionarea'),
 (4,'productioncell'),
 (3,'productionline'),
 (2,'productionplant'),
 (2,'productionsite'),
 (3,'productionstation'),
 (3,'projectman_prodline'),
 (4,'site'),
 (3,'station'),
 (4,'sub_sp_one'),
 (2,'sub_sp_three'),
 (3,'sub_sp_two'),
 (4,'task');
/*!40000 ALTER TABLE `jacob_ids` ENABLE KEYS */;


--
-- Table structure for table `missoncontrol`.`jacob_locks`
--

DROP TABLE IF EXISTS `jacob_locks`;
CREATE TABLE `jacob_locks` (
  `created` datetime NOT NULL default '0000-00-00 00:00:00',
  `userid` varchar(20) NOT NULL default '',
  `keyvalue` varchar(255) NOT NULL default '',
  `username` varchar(255) NOT NULL default '',
  `tablename` varchar(30) NOT NULL default '',
  `nodename` varchar(128) NOT NULL default '',
  PRIMARY KEY  (`tablename`,`keyvalue`),
  KEY `IDX_JACOB_LOCKS_NODENAME` (`nodename`)
) ENGINE=InnoDB DEFAULT CHARSET=latin1;

--
-- Dumping data for table `missoncontrol`.`jacob_locks`
--

/*!40000 ALTER TABLE `jacob_locks` DISABLE KEYS */;
/*!40000 ALTER TABLE `jacob_locks` ENABLE KEYS */;


--
-- Table structure for table `missoncontrol`.`language`
--

DROP TABLE IF EXISTS `language`;
CREATE TABLE `language` (
  `language` varchar(40) default NULL,
  `isocode` varchar(40) NOT NULL default '',
  PRIMARY KEY  (`isocode`)
) ENGINE=InnoDB DEFAULT CHARSET=latin1;

--
-- Dumping data for table `missoncontrol`.`language`
--

/*!40000 ALTER TABLE `language` DISABLE KEYS */;
INSERT INTO `language` (`language`,`isocode`) VALUES 
 ('Afar','aa'),
 ('Abkhazian','ab'),
 ('Afrikaans','af'),
 ('Amharic','am'),
 ('Arabic','ar'),
 ('Assamese','as'),
 ('Aymara','ay'),
 ('Azerbaijani','az'),
 ('Bashkir','ba'),
 ('Byelorussian','be'),
 ('Bulgarian','bg'),
 ('Bihari','bh'),
 ('Bislama','bi'),
 ('Bengali','bn'),
 ('Tibetan','bo'),
 ('Breton','br'),
 ('Catalan','ca'),
 ('Corsican','co'),
 ('Czech','cs'),
 ('Welch','cy'),
 ('Danish','da'),
 ('German','de'),
 ('Bhutani','dz'),
 ('Greek','el'),
 ('English','en'),
 ('Esperanto','eo'),
 ('Spanish','es'),
 ('Estonian','et'),
 ('Basque','eu'),
 ('Persian','fa'),
 ('Finnish','fi'),
 ('Fiji','fj'),
 ('Faeroese','fo'),
 ('French','fr'),
 ('Frisian','fy'),
 ('Irish','ga'),
 ('Scots Gaelic','gd'),
 ('Galician','gl'),
 ('Guarani','gn'),
 ('Gujarati','gu'),
 ('Hausa','ha'),
 ('Hebrew (former iw)','he'),
 ('Hindi','hi'),
 ('Croatian','hr'),
 ('Hungarian','hu'),
 ('Armenian','hy'),
 ('Interlingua','ia'),
 ('Indonesian (former in)','id'),
 ('Interlingue','ie');
INSERT INTO `language` (`language`,`isocode`) VALUES 
 ('Inupiak','ik'),
 ('Icelandic','is'),
 ('Italian','it'),
 ('Inuktitut (Eskimo)','iu'),
 ('Japanese','ja'),
 ('Javanese','jw'),
 ('Georgian','ka'),
 ('Kazakh','kk'),
 ('Greenlandic','kl'),
 ('Cambodian','km'),
 ('Kannada','kn'),
 ('Korean','ko'),
 ('Kashmiri','ks'),
 ('Kurdish','ku'),
 ('Kirghiz','ky'),
 ('Latin','la'),
 ('Lingala','ln'),
 ('Laothian','lo'),
 ('Lithuanian','lt'),
 ('Latvian, Lettish','lv'),
 ('Malagasy','mg'),
 ('Maori','mi'),
 ('Macedonian','mk'),
 ('Malayalam','ml'),
 ('Mongolian','mn'),
 ('Moldavian','mo'),
 ('Marathi','mr'),
 ('Malay','ms'),
 ('Maltese','mt'),
 ('Burmese','my'),
 ('Nauru','na'),
 ('Nepali','ne'),
 ('Dutch','nl'),
 ('Norwegian','no'),
 ('Occitan','oc'),
 ('(Afan) Oromo','om'),
 ('Oriya','or'),
 ('Punjabi','pa'),
 ('Polish','pl'),
 ('Pashto, Pushto','ps'),
 ('Portuguese','pt'),
 ('Quechua','qu'),
 ('Rhaeto-Romance','rm'),
 ('Kirundi','rn'),
 ('Romanian','ro'),
 ('Russian','ru'),
 ('Kinyarwanda','rw'),
 ('Sanskrit','sa');
INSERT INTO `language` (`language`,`isocode`) VALUES 
 ('Sindhi','sd'),
 ('Sangro','sg'),
 ('Serbo-Croatian','sh'),
 ('Singhalese','si'),
 ('Slovak','sk'),
 ('Slovenian','sl'),
 ('Samoan','sm'),
 ('Shona','sn'),
 ('Somali','so'),
 ('Albanian','sq'),
 ('Serbian','sr'),
 ('Siswati','ss'),
 ('Sesotho','st'),
 ('Sudanese','su'),
 ('Swedish','sv'),
 ('Swahili','sw'),
 ('Tamil','ta'),
 ('Tegulu','te'),
 ('Tajik','tg'),
 ('Thai','th'),
 ('Tigrinya','ti'),
 ('Turkmen','tk'),
 ('Tagalog','tl'),
 ('Setswana','tn'),
 ('Tonga','to'),
 ('Turkish','tr'),
 ('Tsonga','ts'),
 ('Tatar','tt'),
 ('Twi','tw'),
 ('Uigur','ug'),
 ('Ukrainian','uk'),
 ('Urdu','ur'),
 ('Uzbek','uz'),
 ('Vietnamese','vi'),
 ('Volapuk','vo'),
 ('Wolof','wo'),
 ('Xhosa','xh'),
 ('Yiddish (former ji)','yi'),
 ('Yoruba','yo'),
 ('Zhuang','za'),
 ('Chinese','zh'),
 ('Zulu','zu');
/*!40000 ALTER TABLE `language` ENABLE KEYS */;


--
-- Table structure for table `missoncontrol`.`language_country`
--

DROP TABLE IF EXISTS `language_country`;
CREATE TABLE `language_country` (
  `country_key` varchar(40) NOT NULL default '',
  `language_key` varchar(40) NOT NULL default '',
  PRIMARY KEY  (`language_key`,`country_key`),
  KEY `FK2_LANGUAGE_COUNTRY_COUNTRY_F` (`country_key`),
  CONSTRAINT `FK2_LANGUAGE_COUNTRY_COUNTRY_F` FOREIGN KEY (`country_key`) REFERENCES `country` (`isocode`),
  CONSTRAINT `FK3_LANGUAGE_COUNTRY_LANGUAGE_` FOREIGN KEY (`language_key`) REFERENCES `language` (`isocode`)
) ENGINE=InnoDB DEFAULT CHARSET=latin1;

--
-- Dumping data for table `missoncontrol`.`language_country`
--

/*!40000 ALTER TABLE `language_country` DISABLE KEYS */;
INSERT INTO `language_country` (`country_key`,`language_key`) VALUES 
 ('AT','de'),
 ('CH','de'),
 ('CH','fr'),
 ('CH','it'),
 ('DE','de'),
 ('GB (UK)','en'),
 ('US','en');
/*!40000 ALTER TABLE `language_country` ENABLE KEYS */;


--
-- Table structure for table `missoncontrol`.`location`
--

DROP TABLE IF EXISTS `location`;
CREATE TABLE `location` (
  `pkey` int(11) NOT NULL default '0',
  `site_key` varchar(32) default NULL,
  `sitepart_key` varchar(32) default NULL,
  `building_key` varchar(32) default NULL,
  `buildingpart_key` varchar(32) default NULL,
  `room_key` varchar(32) default NULL,
  `plane_key` varchar(32) default NULL,
  `floor_key` varchar(32) default NULL,
  `buildpartobj_key` varchar(32) default NULL,
  `gdsbaxis_key` varchar(32) default NULL,
  `gdszaxis_key` varchar(32) default NULL,
  `baxis_key` varchar(32) default NULL,
  `zaxis_key` varchar(32) default NULL,
  `description` varchar(120) default NULL,
  `note` varchar(120) default NULL,
  `orientation` char(2) default NULL,
  PRIMARY KEY  (`pkey`),
  KEY `IK8_LOCATION_FAPLISIDS_IDX` (`site_key`,`sitepart_key`,`building_key`,`buildingpart_key`,`floor_key`,`plane_key`),
  KEY `FK2_LOCATION_FAPLISPLANE_FKEY` (`plane_key`),
  KEY `FK13_LOCATION_FAPLISSITEPART_F` (`sitepart_key`),
  KEY `FK10_LOCATION_GDSZAXIS_FKEY` (`gdszaxis_key`),
  KEY `FK9_LOCATION_FAPLISBUILDINGPAR` (`buildingpart_key`),
  KEY `FK14_LOCATION_GDSBAXIS_FKEY` (`gdsbaxis_key`),
  KEY `FK7_LOCATION_FAPLISFLOOR_FKEY` (`floor_key`),
  KEY `FK12_LOCATION_FAPLISBAXIS_FKEY` (`baxis_key`),
  KEY `FK5_LOCATION_FAPLISBUILDPARTOB` (`buildpartobj_key`),
  KEY `FK4_LOCATION_FAPLISBUILDING_FK` (`building_key`),
  KEY `FK6_LOCATION_FAPLISROOM_FKEY` (`room_key`),
  KEY `FK11_LOCATION_FAPLISZAXIS_FKEY` (`zaxis_key`),
  CONSTRAINT `FK10_LOCATION_GDSZAXIS_FKEY` FOREIGN KEY (`gdszaxis_key`) REFERENCES `faplisaxis` (`pkey`),
  CONSTRAINT `FK11_LOCATION_FAPLISZAXIS_FKEY` FOREIGN KEY (`zaxis_key`) REFERENCES `faplisaxis` (`pkey`),
  CONSTRAINT `FK12_LOCATION_FAPLISBAXIS_FKEY` FOREIGN KEY (`baxis_key`) REFERENCES `faplisaxis` (`pkey`),
  CONSTRAINT `FK13_LOCATION_FAPLISSITEPART_F` FOREIGN KEY (`sitepart_key`) REFERENCES `faplissitepart` (`pkey`),
  CONSTRAINT `FK14_LOCATION_GDSBAXIS_FKEY` FOREIGN KEY (`gdsbaxis_key`) REFERENCES `faplisaxis` (`pkey`),
  CONSTRAINT `FK1_LOCATION_FAPLISSITE_FKEY` FOREIGN KEY (`site_key`) REFERENCES `faplissite` (`pkey`),
  CONSTRAINT `FK2_LOCATION_FAPLISPLANE_FKEY` FOREIGN KEY (`plane_key`) REFERENCES `faplisplane` (`pkey`),
  CONSTRAINT `FK4_LOCATION_FAPLISBUILDING_FK` FOREIGN KEY (`building_key`) REFERENCES `faplisbuilding` (`pkey`),
  CONSTRAINT `FK5_LOCATION_FAPLISBUILDPARTOB` FOREIGN KEY (`buildpartobj_key`) REFERENCES `faplisbuildpartobj` (`pkey`),
  CONSTRAINT `FK6_LOCATION_FAPLISROOM_FKEY` FOREIGN KEY (`room_key`) REFERENCES `faplisroom` (`pkey`),
  CONSTRAINT `FK7_LOCATION_FAPLISFLOOR_FKEY` FOREIGN KEY (`floor_key`) REFERENCES `faplisfloor` (`pkey`),
  CONSTRAINT `FK9_LOCATION_FAPLISBUILDINGPAR` FOREIGN KEY (`buildingpart_key`) REFERENCES `faplisbuildingpart` (`pkey`)
) ENGINE=InnoDB DEFAULT CHARSET=latin1;

--
-- Dumping data for table `missoncontrol`.`location`
--

/*!40000 ALTER TABLE `location` DISABLE KEYS */;
INSERT INTO `location` (`pkey`,`site_key`,`sitepart_key`,`building_key`,`buildingpart_key`,`room_key`,`plane_key`,`floor_key`,`buildpartobj_key`,`gdsbaxis_key`,`gdszaxis_key`,`baxis_key`,`zaxis_key`,`description`,`note`,`orientation`) VALUES 
 (1,'!','ss','gg','tg','sd','ds','ff',NULL,NULL,NULL,NULL,NULL,NULL,'Testort',NULL),
 (2,'!','ss','gg','tg','sd','ds','ff',NULL,NULL,NULL,NULL,NULL,NULL,'celle 123 ort',NULL);
/*!40000 ALTER TABLE `location` ENABLE KEYS */;


--
-- Table structure for table `missoncontrol`.`main_supplier`
--

DROP TABLE IF EXISTS `main_supplier`;
CREATE TABLE `main_supplier` (
  `pkey` bigint(20) NOT NULL default '0',
  `supplier_org_key` bigint(20) NOT NULL default '0',
  `productioncell_key` bigint(20) NOT NULL default '0',
  PRIMARY KEY  (`pkey`),
  UNIQUE KEY `UK3_MAIN_SUPPLIER_CELL_SUPPLIE` (`productioncell_key`,`supplier_org_key`),
  KEY `FK4_MAIN_SUPPLIER_SUPPLIER_ORG` (`supplier_org_key`),
  CONSTRAINT `FK2_MAIN_SUPPLIER_PRODUCTIONCE` FOREIGN KEY (`productioncell_key`) REFERENCES `productioncell` (`pkey`),
  CONSTRAINT `FK4_MAIN_SUPPLIER_SUPPLIER_ORG` FOREIGN KEY (`supplier_org_key`) REFERENCES `organization` (`pkey`)
) ENGINE=InnoDB DEFAULT CHARSET=latin1;

--
-- Dumping data for table `missoncontrol`.`main_supplier`
--

/*!40000 ALTER TABLE `main_supplier` DISABLE KEYS */;
INSERT INTO `main_supplier` (`pkey`,`supplier_org_key`,`productioncell_key`) VALUES 
 (4,3,2);
/*!40000 ALTER TABLE `main_supplier` ENABLE KEYS */;


--
-- Table structure for table `missoncontrol`.`organization`
--

DROP TABLE IF EXISTS `organization`;
CREATE TABLE `organization` (
  `pkey` bigint(20) NOT NULL default '0',
  `name` varchar(40) NOT NULL default '',
  `root` int(11) default NULL,
  `phone` varchar(40) default NULL,
  `street2` varchar(40) default NULL,
  `street` varchar(40) default NULL,
  `zip` varchar(40) default NULL,
  `history` longtext,
  `fax` varchar(40) default NULL,
  `city` varchar(40) default NULL,
  PRIMARY KEY  (`pkey`),
  UNIQUE KEY `UK2_ORGANIZATION_ROOTUKEY` (`root`)
) ENGINE=InnoDB DEFAULT CHARSET=latin1;

--
-- Dumping data for table `missoncontrol`.`organization`
--

/*!40000 ALTER TABLE `organization` DISABLE KEYS */;
INSERT INTO `organization` (`pkey`,`name`,`root`,`phone`,`street2`,`street`,`zip`,`history`,`fax`,`city`) VALUES 
 (1,'DaimlerChrysler AG',1,NULL,NULL,NULL,NULL,NULL,NULL,NULL),
 (3,'Siemens',0,NULL,NULL,NULL,NULL,NULL,NULL,NULL),
 (5,'Tarragon',NULL,NULL,NULL,NULL,NULL,NULL,NULL,NULL),
 (6,'Schmitz',NULL,NULL,NULL,NULL,NULL,NULL,NULL,NULL),
 (7,'SubSchmitz',NULL,NULL,NULL,NULL,NULL,NULL,NULL,NULL),
 (8,'SubSchmitzSub',NULL,NULL,NULL,NULL,NULL,NULL,NULL,NULL);
/*!40000 ALTER TABLE `organization` ENABLE KEYS */;


--
-- Table structure for table `missoncontrol`.`person`
--

DROP TABLE IF EXISTS `person`;
CREATE TABLE `person` (
  `pkey` bigint(20) NOT NULL default '0',
  `lastname` varchar(40) default NULL,
  `history` longtext,
  `agentflag` int(11) default '0',
  `ownerflag` int(11) default '0',
  `firstlevel` int(11) default '0',
  `supplier` int(11) default '0',
  `internal` int(11) default '1',
  `projectleader` int(11) default '0',
  `organization_key` bigint(20) default NULL,
  `firstname` varchar(40) default NULL,
  `phone` varchar(40) default NULL,
  `mobile` varchar(40) default NULL,
  `fullname` varchar(40) default NULL,
  `customer_org_key` bigint(20) default NULL,
  `caller_org_key` bigint(20) default NULL,
  PRIMARY KEY  (`pkey`),
  KEY `FK4_PERSON_ORGANIZATION_FKEY` (`organization_key`),
  KEY `FK2_PERSON_CALLER_ORG_FKEY` (`caller_org_key`),
  KEY `FK3_PERSON_CUSTOMER_ORG_FKEY` (`customer_org_key`),
  CONSTRAINT `FK2_PERSON_CALLER_ORG_FKEY` FOREIGN KEY (`caller_org_key`) REFERENCES `organization` (`pkey`),
  CONSTRAINT `FK3_PERSON_CUSTOMER_ORG_FKEY` FOREIGN KEY (`customer_org_key`) REFERENCES `organization` (`pkey`),
  CONSTRAINT `FK4_PERSON_ORGANIZATION_FKEY` FOREIGN KEY (`organization_key`) REFERENCES `organization` (`pkey`)
) ENGINE=InnoDB DEFAULT CHARSET=latin1;

--
-- Dumping data for table `missoncontrol`.`person`
--

/*!40000 ALTER TABLE `person` DISABLE KEYS */;
INSERT INTO `person` (`pkey`,`lastname`,`history`,`agentflag`,`ownerflag`,`firstlevel`,`supplier`,`internal`,`projectleader`,`organization_key`,`firstname`,`phone`,`mobile`,`fullname`,`customer_org_key`,`caller_org_key`) VALUES 
 (1,'Böken','\n###### guest: 29.06.2005 21:33:51 Uhr CEST\n  Nachname:                                           Böken\n  Erfasser:                                           0\n  Bearbeiter:                                         0\n  %FIRSTLEVEL:                                        0\n  %SUPPLIER:                                          1\n  %INTERNAL:                                          1\n  %PROJECTLEADER:                                     1\n',0,0,0,1,1,1,1,'Achim','123','456',NULL,NULL,NULL),
 (2,'Lebrecht','\n###### guest: 30.06.2005 09:30:45 Uhr CEST\n  Nachname:                                           Lebrecht\n  Erfasser:                                           1\n  Bearbeiter:                                         1\n  %FIRSTLEVEL:                                        1\n  %SUPPLIER:                                          0\n  %INTERNAL:                                          1\n  %PROJECTLEADER:                                     1\n\n###### guest: 30.06.2005 09:31:02 Uhr CEST\n  Bearbeiter:                                         1 ==>\n                                0\n  %PROJECTLEADER:                                     1 ==>\n                                0\n',1,0,1,0,1,0,1,'Michael','1111','2222',NULL,NULL,NULL),
 (3,'Herz','\n###### guest: 30.06.2005 09:31:22 Uhr CEST\n  Nachname:                                           Herz\n  Erfasser:                                           0\n  Bearbeiter:                                         1\n  %FIRSTLEVEL:                                        0\n  %SUPPLIER:                                          0\n  %INTERNAL:                                          1\n  %PROJECTLEADER:                                     0\n',0,1,0,0,1,0,1,'Andreas','3333','44544',NULL,NULL,NULL);
/*!40000 ALTER TABLE `person` ENABLE KEYS */;


--
-- Table structure for table `missoncontrol`.`productionarea`
--

DROP TABLE IF EXISTS `productionarea`;
CREATE TABLE `productionarea` (
  `pkey` bigint(20) NOT NULL default '0',
  `name` varchar(40) default NULL,
  `description` varchar(40) default NULL,
  `plant_key` bigint(20) default NULL,
  PRIMARY KEY  (`pkey`),
  KEY `FK2_PRODUCTIONAREA_PLANT_FKEY` (`plant_key`),
  CONSTRAINT `FK2_PRODUCTIONAREA_PLANT_FKEY` FOREIGN KEY (`plant_key`) REFERENCES `productionplant` (`pkey`)
) ENGINE=InnoDB DEFAULT CHARSET=latin1;

--
-- Dumping data for table `missoncontrol`.`productionarea`
--

/*!40000 ALTER TABLE `productionarea` DISABLE KEYS */;
INSERT INTO `productionarea` (`pkey`,`name`,`description`,`plant_key`) VALUES 
 (1,'RB',NULL,NULL),
 (2,'OF',NULL,NULL),
 (3,'Presswerk',NULL,1);
/*!40000 ALTER TABLE `productionarea` ENABLE KEYS */;


--
-- Table structure for table `missoncontrol`.`productioncell`
--

DROP TABLE IF EXISTS `productioncell`;
CREATE TABLE `productioncell` (
  `name` varchar(40) NOT NULL default '',
  `pkey` bigint(20) NOT NULL default '0',
  `productionarea_key` bigint(20) default NULL,
  `id` varchar(40) NOT NULL default '',
  `phase` varchar(5) default NULL,
  `description` varchar(40) default NULL,
  `productionline_key` bigint(20) default NULL,
  PRIMARY KEY  (`pkey`),
  KEY `FK1_PRODUCTIONCELL_PRODUCTIONA` (`productionarea_key`),
  KEY `FK3_PRODUCTIONCELL_PRODUCTIONL` (`productionline_key`),
  CONSTRAINT `FK3_PRODUCTIONCELL_PRODUCTIONL` FOREIGN KEY (`productionline_key`) REFERENCES `productionline` (`pkey`),
  CONSTRAINT `FK1_PRODUCTIONCELL_PRODUCTIONA` FOREIGN KEY (`productionarea_key`) REFERENCES `productionarea` (`pkey`)
) ENGINE=InnoDB DEFAULT CHARSET=latin1;

--
-- Dumping data for table `missoncontrol`.`productioncell`
--

/*!40000 ALTER TABLE `productioncell` DISABLE KEYS */;
INSERT INTO `productioncell` (`name`,`pkey`,`productionarea_key`,`id`,`phase`,`description`,`productionline_key`) VALUES 
 ('Name Cell 3d',2,3,'3—DL---WBL5-','Plan',NULL,1),
 ('asdfads',3,3,'3-9987798..',NULL,NULL,NULL);
/*!40000 ALTER TABLE `productioncell` ENABLE KEYS */;


--
-- Table structure for table `missoncontrol`.`productionline`
--

DROP TABLE IF EXISTS `productionline`;
CREATE TABLE `productionline` (
  `pkey` bigint(20) NOT NULL default '0',
  `name` varchar(40) default NULL,
  `id` varchar(40) default NULL,
  `manufacturingarea_key` bigint(20) default NULL,
  `productionarea_key` bigint(20) default NULL,
  `productioncell_key` bigint(20) default NULL,
  PRIMARY KEY  (`pkey`),
  KEY `FK1_PRODUCTIONLINE_PRODUCTIONA` (`productionarea_key`),
  CONSTRAINT `FK1_PRODUCTIONLINE_PRODUCTIONA` FOREIGN KEY (`productionarea_key`) REFERENCES `productionarea` (`pkey`)
) ENGINE=InnoDB DEFAULT CHARSET=latin1;

--
-- Dumping data for table `missoncontrol`.`productionline`
--

/*!40000 ALTER TABLE `productionline` DISABLE KEYS */;
INSERT INTO `productionline` (`pkey`,`name`,`id`,`manufacturingarea_key`,`productionarea_key`,`productioncell_key`) VALUES 
 (1,'xyz','3=----xyz',2,NULL,NULL),
 (2,'Zusammenbau 1 (Z1)','lkasj lask jdlk la',NULL,3,NULL);
/*!40000 ALTER TABLE `productionline` ENABLE KEYS */;


--
-- Table structure for table `missoncontrol`.`productionplant`
--

DROP TABLE IF EXISTS `productionplant`;
CREATE TABLE `productionplant` (
  `pkey` bigint(20) NOT NULL default '0',
  `name` varchar(40) default NULL,
  `description` varchar(40) default NULL,
  `site_key` bigint(20) default NULL,
  `id` char(3) default NULL,
  PRIMARY KEY  (`pkey`),
  KEY `FK2_PRODUCTIONPLANT_SITE_FKEY` (`site_key`),
  CONSTRAINT `FK2_PRODUCTIONPLANT_SITE_FKEY` FOREIGN KEY (`site_key`) REFERENCES `productionsite` (`pkey`)
) ENGINE=InnoDB DEFAULT CHARSET=latin1;

--
-- Dumping data for table `missoncontrol`.`productionplant`
--

/*!40000 ALTER TABLE `productionplant` DISABLE KEYS */;
INSERT INTO `productionplant` (`pkey`,`name`,`description`,`site_key`,`id`) VALUES 
 (1,'Werk 50',NULL,1,'050');
/*!40000 ALTER TABLE `productionplant` ENABLE KEYS */;


--
-- Table structure for table `missoncontrol`.`productionsite`
--

DROP TABLE IF EXISTS `productionsite`;
CREATE TABLE `productionsite` (
  `pkey` bigint(20) NOT NULL default '0',
  `name` varchar(40) default NULL,
  `bu_country_key` bigint(20) default NULL,
  PRIMARY KEY  (`pkey`),
  KEY `FK2_PRODUCTIONSITE_BU_COUNTRY_` (`bu_country_key`),
  CONSTRAINT `FK2_PRODUCTIONSITE_BU_COUNTRY_` FOREIGN KEY (`bu_country_key`) REFERENCES `bu_country` (`pkey`)
) ENGINE=InnoDB DEFAULT CHARSET=latin1;

--
-- Dumping data for table `missoncontrol`.`productionsite`
--

/*!40000 ALTER TABLE `productionsite` DISABLE KEYS */;
INSERT INTO `productionsite` (`pkey`,`name`,`bu_country_key`) VALUES 
 (1,'Sindelfingen',1);
/*!40000 ALTER TABLE `productionsite` ENABLE KEYS */;


--
-- Table structure for table `missoncontrol`.`productionstation`
--

DROP TABLE IF EXISTS `productionstation`;
CREATE TABLE `productionstation` (
  `pkey` bigint(20) NOT NULL default '0',
  `name` varchar(40) default NULL,
  `id` varchar(40) default NULL,
  `productioncell_key` bigint(20) default NULL,
  PRIMARY KEY  (`pkey`),
  KEY `FK2_PRODUCTIONSTATION_PRODUCTI` (`productioncell_key`),
  CONSTRAINT `FK2_PRODUCTIONSTATION_PRODUCTI` FOREIGN KEY (`productioncell_key`) REFERENCES `productioncell` (`pkey`)
) ENGINE=InnoDB DEFAULT CHARSET=latin1;

--
-- Dumping data for table `missoncontrol`.`productionstation`
--

/*!40000 ALTER TABLE `productionstation` DISABLE KEYS */;
INSERT INTO `productionstation` (`pkey`,`name`,`id`,`productioncell_key`) VALUES 
 (1,'kdflj  dskjlskdjkjds','jjjddd d dd',2),
 (2,'Freitext','lkdskj lkasd ldsa lk jafd la',3);
/*!40000 ALTER TABLE `productionstation` ENABLE KEYS */;


--
-- Table structure for table `missoncontrol`.`projectman_prodline`
--

DROP TABLE IF EXISTS `projectman_prodline`;
CREATE TABLE `projectman_prodline` (
  `pkey` bigint(20) NOT NULL default '0',
  `productionline_key` bigint(20) default NULL,
  `projectleader_key` bigint(20) default NULL,
  PRIMARY KEY  (`pkey`),
  KEY `FK2_PROJECTMAN_PRODLINE_PROJEC` (`projectleader_key`),
  KEY `FK3_PROJECTMAN_PRODLINE_PRODUC` (`productionline_key`),
  CONSTRAINT `FK2_PROJECTMAN_PRODLINE_PROJEC` FOREIGN KEY (`projectleader_key`) REFERENCES `person` (`pkey`),
  CONSTRAINT `FK3_PROJECTMAN_PRODLINE_PRODUC` FOREIGN KEY (`productionline_key`) REFERENCES `productionline` (`pkey`)
) ENGINE=InnoDB DEFAULT CHARSET=latin1;

--
-- Dumping data for table `missoncontrol`.`projectman_prodline`
--

/*!40000 ALTER TABLE `projectman_prodline` DISABLE KEYS */;
INSERT INTO `projectman_prodline` (`pkey`,`productionline_key`,`projectleader_key`) VALUES 
 (1,1,1),
 (2,2,1);
/*!40000 ALTER TABLE `projectman_prodline` ENABLE KEYS */;


--
-- Table structure for table `missoncontrol`.`sub_sp_one`
--

DROP TABLE IF EXISTS `sub_sp_one`;
CREATE TABLE `sub_sp_one` (
  `pkey` bigint(20) NOT NULL default '0',
  `sub_supplier1_key` bigint(20) NOT NULL default '0',
  `main_supplier_key` bigint(20) NOT NULL default '0',
  PRIMARY KEY  (`pkey`),
  KEY `FK2_SUB_SP_ONE_SUB_SUPPLIER1_F` (`sub_supplier1_key`),
  KEY `FK3_SUB_SP_ONE_MAIN_SUPPLIER_F` (`main_supplier_key`),
  CONSTRAINT `FK2_SUB_SP_ONE_SUB_SUPPLIER1_F` FOREIGN KEY (`sub_supplier1_key`) REFERENCES `organization` (`pkey`),
  CONSTRAINT `FK3_SUB_SP_ONE_MAIN_SUPPLIER_F` FOREIGN KEY (`main_supplier_key`) REFERENCES `main_supplier` (`pkey`)
) ENGINE=InnoDB DEFAULT CHARSET=latin1;

--
-- Dumping data for table `missoncontrol`.`sub_sp_one`
--

/*!40000 ALTER TABLE `sub_sp_one` DISABLE KEYS */;
INSERT INTO `sub_sp_one` (`pkey`,`sub_supplier1_key`,`main_supplier_key`) VALUES 
 (2,5,4),
 (3,6,4);
/*!40000 ALTER TABLE `sub_sp_one` ENABLE KEYS */;


--
-- Table structure for table `missoncontrol`.`sub_sp_three`
--

DROP TABLE IF EXISTS `sub_sp_three`;
CREATE TABLE `sub_sp_three` (
  `pkey` bigint(20) NOT NULL default '0',
  `sub_supplier3_key` bigint(20) NOT NULL default '0',
  `sub_sp_two_key` bigint(20) NOT NULL default '0',
  PRIMARY KEY  (`pkey`),
  KEY `FK3_SUB_SP_THREE_SUB_SUPPLIER3` (`sub_supplier3_key`),
  KEY `FK1_SUB_SP_THREE_SUB_SP_TWO_FK` (`sub_sp_two_key`),
  CONSTRAINT `FK1_SUB_SP_THREE_SUB_SP_TWO_FK` FOREIGN KEY (`sub_sp_two_key`) REFERENCES `sub_sp_two` (`pkey`),
  CONSTRAINT `FK3_SUB_SP_THREE_SUB_SUPPLIER3` FOREIGN KEY (`sub_supplier3_key`) REFERENCES `organization` (`pkey`)
) ENGINE=InnoDB DEFAULT CHARSET=latin1;

--
-- Dumping data for table `missoncontrol`.`sub_sp_three`
--

/*!40000 ALTER TABLE `sub_sp_three` DISABLE KEYS */;
INSERT INTO `sub_sp_three` (`pkey`,`sub_supplier3_key`,`sub_sp_two_key`) VALUES 
 (1,7,2);
/*!40000 ALTER TABLE `sub_sp_three` ENABLE KEYS */;


--
-- Table structure for table `missoncontrol`.`sub_sp_two`
--

DROP TABLE IF EXISTS `sub_sp_two`;
CREATE TABLE `sub_sp_two` (
  `pkey` bigint(20) NOT NULL default '0',
  `sub_supplier2_key` bigint(20) NOT NULL default '0',
  `sub_sp_one_key` bigint(20) NOT NULL default '0',
  PRIMARY KEY  (`pkey`),
  KEY `FK2_SUB_SP_TWO_SUB_SUPPLIER2_F` (`sub_supplier2_key`),
  KEY `FK3_SUB_SP_TWO_SUB_SP_ONE_FKEY` (`sub_sp_one_key`),
  CONSTRAINT `FK2_SUB_SP_TWO_SUB_SUPPLIER2_F` FOREIGN KEY (`sub_supplier2_key`) REFERENCES `organization` (`pkey`),
  CONSTRAINT `FK3_SUB_SP_TWO_SUB_SP_ONE_FKEY` FOREIGN KEY (`sub_sp_one_key`) REFERENCES `sub_sp_one` (`pkey`)
) ENGINE=InnoDB DEFAULT CHARSET=latin1;

--
-- Dumping data for table `missoncontrol`.`sub_sp_two`
--

/*!40000 ALTER TABLE `sub_sp_two` DISABLE KEYS */;
INSERT INTO `sub_sp_two` (`pkey`,`sub_supplier2_key`,`sub_sp_one_key`) VALUES 
 (1,8,3),
 (2,5,3);
/*!40000 ALTER TABLE `sub_sp_two` ENABLE KEYS */;


--
-- Table structure for table `missoncontrol`.`task`
--

DROP TABLE IF EXISTS `task`;
CREATE TABLE `task` (
  `pkey` bigint(20) NOT NULL default '0',
  `problem` varchar(40) NOT NULL default '',
  `history` longtext,
  `Problemtext` longtext,
  `call_key` bigint(20) default NULL,
  `thirdlevel_key` bigint(20) default NULL,
  PRIMARY KEY  (`pkey`),
  KEY `FK2_TASK_CALL_FKEY` (`call_key`),
  KEY `FK3_TASK_THIRDLEVEL_FKEY` (`thirdlevel_key`),
  CONSTRAINT `FK2_TASK_CALL_FKEY` FOREIGN KEY (`call_key`) REFERENCES `call` (`pkey`),
  CONSTRAINT `FK3_TASK_THIRDLEVEL_FKEY` FOREIGN KEY (`thirdlevel_key`) REFERENCES `group` (`pkey`)
) ENGINE=InnoDB DEFAULT CHARSET=latin1;

--
-- Dumping data for table `missoncontrol`.`task`
--

/*!40000 ALTER TABLE `task` DISABLE KEYS */;
INSERT INTO `task` (`pkey`,`problem`,`history`,`Problemtext`,`call_key`,`thirdlevel_key`) VALUES 
 (1,'Task1','\n###### guest: 30.06.2005 09:45:46 Uhr CEST\n  %PROBLEM:                                           Task1\n',NULL,3,1),
 (2,'Task2','\n###### guest: 30.06.2005 09:45:54 Uhr CEST\n  %PROBLEM:                                           Task2\n',NULL,3,1),
 (3,'TaskProblem','\n###### guest: 30.06.2005 12:36:54 Uhr CEST\n  %PROBLEM:                                           TaskProblem\n','lkalkjsal lkajslkja\r\nöldsyf öl',5,1);
/*!40000 ALTER TABLE `task` ENABLE KEYS */;

/*!40101 SET SQL_MODE=@OLD_SQL_MODE */;
/*!40014 SET FOREIGN_KEY_CHECKS=@OLD_FOREIGN_KEY_CHECKS */;
/*!40014 SET UNIQUE_CHECKS=@OLD_UNIQUE_CHECKS */;
/*!40101 SET CHARACTER_SET_CLIENT=@OLD_CHARACTER_SET_CLIENT */;
/*!40101 SET CHARACTER_SET_RESULTS=@OLD_CHARACTER_SET_RESULTS */;
/*!40101 SET COLLATION_CONNECTION=@OLD_COLLATION_CONNECTION */;
/*!40101 SET CHARACTER_SET_CLIENT=@OLD_CHARACTER_SET_CLIENT */;
